mean_fit_time,std_fit_time,mean_score_time,std_score_time,param_bagging_fraction,param_bagging_freq,param_boosting_type,param_early_stopping_rounds,param_learning_rate,param_max_bin,param_n_estimators,param_num_leaves,param_num_threads,params,split0_test_score,split1_test_score,split2_test_score,split3_test_score,split4_test_score,mean_test_score,std_test_score,rank_test_score
28.38416771888733,1.5828426064175172,0.02320857048034668,0.0018315259468591558,0.8,1,rf,0,0.1,255,400,31,4,"{'bagging_fraction': 0.8, 'bagging_freq': 1, 'boosting_type': 'rf', 'early_stopping_rounds': 0, 'learning_rate': 0.1, 'max_bin': 255, 'n_estimators': 400, 'num_leaves': 31, 'num_threads': 4}",0.7549947694110648,0.7794995461242873,0.7894378507453135,0.7496282513343127,0.7689015209953027,0.7684923877220562,0.014819437837585622,67
44.90509557723999,2.5720086179060653,0.02539401054382324,0.001482273922723877,0.8,1,rf,0,0.1,255,400,50,4,"{'bagging_fraction': 0.8, 'bagging_freq': 1, 'boosting_type': 'rf', 'early_stopping_rounds': 0, 'learning_rate': 0.1, 'max_bin': 255, 'n_estimators': 400, 'num_leaves': 50, 'num_threads': 4}",0.7712961565503917,0.7953306701580813,0.8012387263863431,0.7633820101488226,0.786123866831119,0.7834742860149516,0.01424904103366817,16
40.41828851699829,2.608248586657381,0.032256031036376955,0.0006969287312625453,0.8,1,rf,0,0.1,255,600,31,4,"{'bagging_fraction': 0.8, 'bagging_freq': 1, 'boosting_type': 'rf', 'early_stopping_rounds': 0, 'learning_rate': 0.1, 'max_bin': 255, 'n_estimators': 600, 'num_leaves': 31, 'num_threads': 4}",0.7549701176138292,0.7794206185920389,0.7892337285916251,0.7495284565811938,0.7690846711056977,0.7684475184968769,0.01478142521937726,73
66.82465043067933,4.027714368578895,0.03644089698791504,0.0007661664695069359,0.8,1,rf,0,0.1,255,600,50,4,"{'bagging_fraction': 0.8, 'bagging_freq': 1, 'boosting_type': 'rf', 'early_stopping_rounds': 0, 'learning_rate': 0.1, 'max_bin': 255, 'n_estimators': 600, 'num_leaves': 50, 'num_threads': 4}",0.7712254260815513,0.7951171813264875,0.8010777142177816,0.7632678355776941,0.7861646746950892,0.7833705663797208,0.014219404397551464,22
55.58673567771912,4.22552512128177,0.040041208267211914,0.0015411380125154037,0.8,1,rf,0,0.1,255,800,31,4,"{'bagging_fraction': 0.8, 'bagging_freq': 1, 'boosting_type': 'rf', 'early_stopping_rounds': 0, 'learning_rate': 0.1, 'max_bin': 255, 'n_estimators': 800, 'num_leaves': 31, 'num_threads': 4}",0.7549999723267754,0.7795799560715833,0.789220084287668,0.7492586977346312,0.7690526450076565,0.7684222710856629,0.014864999072083832,79
86.88524708747863,4.8804759261738555,0.049548768997192384,0.0030111779754944624,0.8,1,rf,0,0.1,255,800,50,4,"{'bagging_fraction': 0.8, 'bagging_freq': 1, 'boosting_type': 'rf', 'early_stopping_rounds': 0, 'learning_rate': 0.1, 'max_bin': 255, 'n_estimators': 800, 'num_leaves': 50, 'num_threads': 4}",0.7711646952189265,0.7952348832691909,0.8010908603615238,0.7630421638111922,0.786097626556787,0.783326045843524,0.01431380468398241,25
29.07921347618103,0.7567071139005361,0.022100114822387697,0.001044611218641739,0.8,1,rf,0,0.2,255,400,31,4,"{'bagging_fraction': 0.8, 'bagging_freq': 1, 'boosting_type': 'rf', 'early_stopping_rounds': 0, 'learning_rate': 0.2, 'max_bin': 255, 'n_estimators': 400, 'num_leaves': 31, 'num_threads': 4}",0.7549947694110648,0.7794995461242873,0.7894378507453135,0.7496282513343127,0.7689015209953027,0.7684923877220562,0.014819437837585622,67
42.63234944343567,3.8543282610866614,0.024882745742797852,0.0008951207327967262,0.8,1,rf,0,0.2,255,400,50,4,"{'bagging_fraction': 0.8, 'bagging_freq': 1, 'boosting_type': 'rf', 'early_stopping_rounds': 0, 'learning_rate': 0.2, 'max_bin': 255, 'n_estimators': 400, 'num_leaves': 50, 'num_threads': 4}",0.7712961565503917,0.7953306701580813,0.8012387263863431,0.7633820101488226,0.786123866831119,0.7834742860149516,0.01424904103366817,16
41.624302577972415,3.1683404884987216,0.03045620918273926,0.0005395328602832634,0.8,1,rf,0,0.2,255,600,31,4,"{'bagging_fraction': 0.8, 'bagging_freq': 1, 'boosting_type': 'rf', 'early_stopping_rounds': 0, 'learning_rate': 0.2, 'max_bin': 255, 'n_estimators': 600, 'num_leaves': 31, 'num_threads': 4}",0.7549701176138292,0.7794206185920389,0.7892337285916251,0.7495284565811938,0.7690846711056977,0.7684475184968769,0.01478142521937726,73
64.38873353004456,0.9925034020924063,0.0367487907409668,0.003438157279530287,0.8,1,rf,0,0.2,255,600,50,4,"{'bagging_fraction': 0.8, 'bagging_freq': 1, 'boosting_type': 'rf', 'early_stopping_rounds': 0, 'learning_rate': 0.2, 'max_bin': 255, 'n_estimators': 600, 'num_leaves': 50, 'num_threads': 4}",0.7712254260815513,0.7951171813264875,0.8010777142177816,0.7632678355776941,0.7861646746950892,0.7833705663797208,0.014219404397551464,22
51.82474083900452,2.763078176216285,0.040914058685302734,0.0027864982017852483,0.8,1,rf,0,0.2,255,800,31,4,"{'bagging_fraction': 0.8, 'bagging_freq': 1, 'boosting_type': 'rf', 'early_stopping_rounds': 0, 'learning_rate': 0.2, 'max_bin': 255, 'n_estimators': 800, 'num_leaves': 31, 'num_threads': 4}",0.7549999723267754,0.7795799560715833,0.789220084287668,0.7492586977346312,0.7690526450076565,0.7684222710856629,0.014864999072083832,79
85.84936566352845,0.4446347233458909,0.04605069160461426,0.0007471708188194155,0.8,1,rf,0,0.2,255,800,50,4,"{'bagging_fraction': 0.8, 'bagging_freq': 1, 'boosting_type': 'rf', 'early_stopping_rounds': 0, 'learning_rate': 0.2, 'max_bin': 255, 'n_estimators': 800, 'num_leaves': 50, 'num_threads': 4}",0.7711646952189265,0.7952348832691909,0.8010908603615238,0.7630421638111922,0.786097626556787,0.783326045843524,0.01431380468398241,25
27.078064680099487,0.3682083448621322,0.022189569473266602,0.0009140253088783172,0.8,1,rf,0,0.4,255,400,31,4,"{'bagging_fraction': 0.8, 'bagging_freq': 1, 'boosting_type': 'rf', 'early_stopping_rounds': 0, 'learning_rate': 0.4, 'max_bin': 255, 'n_estimators': 400, 'num_leaves': 31, 'num_threads': 4}",0.7549947694110648,0.7794995461242873,0.7894378507453135,0.7496282513343127,0.7689015209953027,0.7684923877220562,0.014819437837585622,67
40.21345849037171,3.0829721859255517,0.02549591064453125,0.0006683754786202291,0.8,1,rf,0,0.4,255,400,50,4,"{'bagging_fraction': 0.8, 'bagging_freq': 1, 'boosting_type': 'rf', 'early_stopping_rounds': 0, 'learning_rate': 0.4, 'max_bin': 255, 'n_estimators': 400, 'num_leaves': 50, 'num_threads': 4}",0.7712961565503917,0.7953306701580813,0.8012387263863431,0.7633820101488226,0.786123866831119,0.7834742860149516,0.01424904103366817,16
40.83525557518006,0.7044907863056707,0.030349588394165038,0.000841957469422704,0.8,1,rf,0,0.4,255,600,31,4,"{'bagging_fraction': 0.8, 'bagging_freq': 1, 'boosting_type': 'rf', 'early_stopping_rounds': 0, 'learning_rate': 0.4, 'max_bin': 255, 'n_estimators': 600, 'num_leaves': 31, 'num_threads': 4}",0.7549701176138292,0.7794206185920389,0.7892337285916251,0.7495284565811938,0.7690846711056977,0.7684475184968769,0.01478142521937726,73
63.25286893844604,1.1905706319821903,0.037256717681884766,0.0013836401082464671,0.8,1,rf,0,0.4,255,600,50,4,"{'bagging_fraction': 0.8, 'bagging_freq': 1, 'boosting_type': 'rf', 'early_stopping_rounds': 0, 'learning_rate': 0.4, 'max_bin': 255, 'n_estimators': 600, 'num_leaves': 50, 'num_threads': 4}",0.7712254260815513,0.7951171813264875,0.8010777142177816,0.7632678355776941,0.7861646746950892,0.7833705663797208,0.014219404397551464,22
53.583103275299074,0.874074133500177,0.03878974914550781,0.0015262948229310296,0.8,1,rf,0,0.4,255,800,31,4,"{'bagging_fraction': 0.8, 'bagging_freq': 1, 'boosting_type': 'rf', 'early_stopping_rounds': 0, 'learning_rate': 0.4, 'max_bin': 255, 'n_estimators': 800, 'num_leaves': 31, 'num_threads': 4}",0.7549999723267754,0.7795799560715833,0.789220084287668,0.7492586977346312,0.7690526450076565,0.7684222710856629,0.014864999072083832,79
83.41614403724671,6.311296477247299,0.04839482307434082,0.001339349769418555,0.8,1,rf,0,0.4,255,800,50,4,"{'bagging_fraction': 0.8, 'bagging_freq': 1, 'boosting_type': 'rf', 'early_stopping_rounds': 0, 'learning_rate': 0.4, 'max_bin': 255, 'n_estimators': 800, 'num_leaves': 50, 'num_threads': 4}",0.7711646952189265,0.7952348832691909,0.8010908603615238,0.7630421638111922,0.786097626556787,0.783326045843524,0.01431380468398241,25
27.09090061187744,0.7269648960631536,0.021474647521972656,0.0016341253964597435,0.8,2,rf,0,0.1,255,400,31,4,"{'bagging_fraction': 0.8, 'bagging_freq': 2, 'boosting_type': 'rf', 'early_stopping_rounds': 0, 'learning_rate': 0.1, 'max_bin': 255, 'n_estimators': 400, 'num_leaves': 31, 'num_threads': 4}",0.7547346038076169,0.7796999695162993,0.7894147555410832,0.7492896954657392,0.7697754840666626,0.7685829016794802,0.014986532256019909,58
43.512605333328246,0.8992859354596302,0.024289751052856447,0.001297135315918327,0.8,2,rf,0,0.1,255,400,50,4,"{'bagging_fraction': 0.8, 'bagging_freq': 2, 'boosting_type': 'rf', 'early_stopping_rounds': 0, 'learning_rate': 0.1, 'max_bin': 255, 'n_estimators': 400, 'num_leaves': 50, 'num_threads': 4}",0.771262452644592,0.7954994327070954,0.8014386675289003,0.7629946570745714,0.7865704305612821,0.7835531281032881,0.014459752851447155,4
39.74446654319763,3.1516486001318365,0.029225921630859374,0.0019846553383536768,0.8,2,rf,0,0.1,255,600,31,4,"{'bagging_fraction': 0.8, 'bagging_freq': 2, 'boosting_type': 'rf', 'early_stopping_rounds': 0, 'learning_rate': 0.1, 'max_bin': 255, 'n_estimators': 600, 'num_leaves': 31, 'num_threads': 4}",0.7546626154999583,0.77944668211787,0.789331623822151,0.7495403722696132,0.7692541032252238,0.7684470793869632,0.014867963967215046,76
62.55710582733154,1.7147052621134817,0.035214900970458984,0.0015503369426850102,0.8,2,rf,0,0.1,255,600,50,4,"{'bagging_fraction': 0.8, 'bagging_freq': 2, 'boosting_type': 'rf', 'early_stopping_rounds': 0, 'learning_rate': 0.1, 'max_bin': 255, 'n_estimators': 600, 'num_leaves': 50, 'num_threads': 4}",0.7711921131256564,0.7953410064140962,0.8011397086077506,0.7633586527159526,0.7863416212923588,0.783474620431163,0.014259020256314094,13
53.73718271255493,0.5693491256055448,0.037340974807739256,0.0008855592629033317,0.8,2,rf,0,0.1,255,800,31,4,"{'bagging_fraction': 0.8, 'bagging_freq': 2, 'boosting_type': 'rf', 'early_stopping_rounds': 0, 'learning_rate': 0.1, 'max_bin': 255, 'n_estimators': 800, 'num_leaves': 31, 'num_threads': 4}",0.7549947694110648,0.7794995461242872,0.7894378507453134,0.7496282513343127,0.7689015209953027,0.7684923877220561,0.014819437837585573,70
84.40723738670349,1.3870189249184046,0.04617152214050293,0.001569391926657022,0.8,2,rf,0,0.1,255,800,50,4,"{'bagging_fraction': 0.8, 'bagging_freq': 2, 'boosting_type': 'rf', 'early_stopping_rounds': 0, 'learning_rate': 0.1, 'max_bin': 255, 'n_estimators': 800, 'num_leaves': 50, 'num_threads': 4}",0.7712961565503917,0.7953306701580813,0.8012387263863431,0.7633820101488227,0.786123866831119,0.7834742860149516,0.01424904103366814,16
26.879218006134032,0.6503799181166329,0.019501543045043944,0.0008001166758098857,0.8,2,rf,0,0.2,255,400,31,4,"{'bagging_fraction': 0.8, 'bagging_freq': 2, 'boosting_type': 'rf', 'early_stopping_rounds': 0, 'learning_rate': 0.2, 'max_bin': 255, 'n_estimators': 400, 'num_leaves': 31, 'num_threads': 4}",0.7547346038076169,0.7796999695162993,0.7894147555410832,0.7492896954657392,0.7697754840666626,0.7685829016794802,0.014986532256019909,58
42.26240234375,3.297585180756896,0.024756145477294923,0.0012778282343464933,0.8,2,rf,0,0.2,255,400,50,4,"{'bagging_fraction': 0.8, 'bagging_freq': 2, 'boosting_type': 'rf', 'early_stopping_rounds': 0, 'learning_rate': 0.2, 'max_bin': 255, 'n_estimators': 400, 'num_leaves': 50, 'num_threads': 4}",0.771262452644592,0.7954994327070954,0.8014386675289003,0.7629946570745714,0.7865704305612821,0.7835531281032881,0.014459752851447155,4
41.19530906677246,0.5473495523977039,0.028156852722167967,0.001979343431063436,0.8,2,rf,0,0.2,255,600,31,4,"{'bagging_fraction': 0.8, 'bagging_freq': 2, 'boosting_type': 'rf', 'early_stopping_rounds': 0, 'learning_rate': 0.2, 'max_bin': 255, 'n_estimators': 600, 'num_leaves': 31, 'num_threads': 4}",0.7546626154999583,0.77944668211787,0.789331623822151,0.7495403722696132,0.7692541032252238,0.7684470793869632,0.014867963967215046,76
65.3506667137146,1.9026932920411865,0.03430981636047363,0.0008170295374980924,0.8,2,rf,0,0.2,255,600,50,4,"{'bagging_fraction': 0.8, 'bagging_freq': 2, 'boosting_type': 'rf', 'early_stopping_rounds': 0, 'learning_rate': 0.2, 'max_bin': 255, 'n_estimators': 600, 'num_leaves': 50, 'num_threads': 4}",0.7711921131256564,0.7953410064140962,0.8011397086077506,0.7633586527159526,0.7863416212923588,0.783474620431163,0.014259020256314094,13
53.69394073486328,3.513819284712936,0.03913660049438476,0.0014201874232013822,0.8,2,rf,0,0.2,255,800,31,4,"{'bagging_fraction': 0.8, 'bagging_freq': 2, 'boosting_type': 'rf', 'early_stopping_rounds': 0, 'learning_rate': 0.2, 'max_bin': 255, 'n_estimators': 800, 'num_leaves': 31, 'num_threads': 4}",0.7549947694110648,0.7794995461242872,0.7894378507453134,0.7496282513343127,0.7689015209953027,0.7684923877220561,0.014819437837585573,70
88.13873109817504,1.7136328011099424,0.04730939865112305,0.0012730414003943094,0.8,2,rf,0,0.2,255,800,50,4,"{'bagging_fraction': 0.8, 'bagging_freq': 2, 'boosting_type': 'rf', 'early_stopping_rounds': 0, 'learning_rate': 0.2, 'max_bin': 255, 'n_estimators': 800, 'num_leaves': 50, 'num_threads': 4}",0.7712961565503917,0.7953306701580813,0.8012387263863431,0.7633820101488227,0.786123866831119,0.7834742860149516,0.01424904103366814,16
27.5027991771698,0.40079610727244774,0.021177101135253906,0.0006606444412868489,0.8,2,rf,0,0.4,255,400,31,4,"{'bagging_fraction': 0.8, 'bagging_freq': 2, 'boosting_type': 'rf', 'early_stopping_rounds': 0, 'learning_rate': 0.4, 'max_bin': 255, 'n_estimators': 400, 'num_leaves': 31, 'num_threads': 4}",0.7547346038076169,0.7796999695162993,0.7894147555410832,0.7492896954657392,0.7697754840666626,0.7685829016794802,0.014986532256019909,58
44.7713849067688,3.458708119534784,0.024095726013183594,0.0010129992199875634,0.8,2,rf,0,0.4,255,400,50,4,"{'bagging_fraction': 0.8, 'bagging_freq': 2, 'boosting_type': 'rf', 'early_stopping_rounds': 0, 'learning_rate': 0.4, 'max_bin': 255, 'n_estimators': 400, 'num_leaves': 50, 'num_threads': 4}",0.771262452644592,0.7954994327070954,0.8014386675289003,0.7629946570745714,0.7865704305612821,0.7835531281032881,0.014459752851447155,4
42.73475174903869,2.3074702921316628,0.03131346702575684,0.0019239459281677202,0.8,2,rf,0,0.4,255,600,31,4,"{'bagging_fraction': 0.8, 'bagging_freq': 2, 'boosting_type': 'rf', 'early_stopping_rounds': 0, 'learning_rate': 0.4, 'max_bin': 255, 'n_estimators': 600, 'num_leaves': 31, 'num_threads': 4}",0.7546626154999583,0.77944668211787,0.789331623822151,0.7495403722696132,0.7692541032252238,0.7684470793869632,0.014867963967215046,76
63.36141176223755,4.399052389009074,0.0338132381439209,0.0010226228950185599,0.8,2,rf,0,0.4,255,600,50,4,"{'bagging_fraction': 0.8, 'bagging_freq': 2, 'boosting_type': 'rf', 'early_stopping_rounds': 0, 'learning_rate': 0.4, 'max_bin': 255, 'n_estimators': 600, 'num_leaves': 50, 'num_threads': 4}",0.7711921131256564,0.7953410064140962,0.8011397086077506,0.7633586527159526,0.7863416212923588,0.783474620431163,0.014259020256314094,13
54.40575408935547,1.2346453425306751,0.03834376335144043,0.0016056951593052904,0.8,2,rf,0,0.4,255,800,31,4,"{'bagging_fraction': 0.8, 'bagging_freq': 2, 'boosting_type': 'rf', 'early_stopping_rounds': 0, 'learning_rate': 0.4, 'max_bin': 255, 'n_estimators': 800, 'num_leaves': 31, 'num_threads': 4}",0.7549947694110648,0.7794995461242872,0.7894378507453134,0.7496282513343127,0.7689015209953027,0.7684923877220561,0.014819437837585573,70
85.02709302902221,0.7830018604287782,0.04537596702575684,0.0015362559900684292,0.8,2,rf,0,0.4,255,800,50,4,"{'bagging_fraction': 0.8, 'bagging_freq': 2, 'boosting_type': 'rf', 'early_stopping_rounds': 0, 'learning_rate': 0.4, 'max_bin': 255, 'n_estimators': 800, 'num_leaves': 50, 'num_threads': 4}",0.7712961565503917,0.7953306701580813,0.8012387263863431,0.7633820101488227,0.786123866831119,0.7834742860149516,0.01424904103366814,16
26.35417432785034,0.2986425807776391,0.01976947784423828,0.0006646595056529888,0.8,4,rf,0,0.1,255,400,31,4,"{'bagging_fraction': 0.8, 'bagging_freq': 4, 'boosting_type': 'rf', 'early_stopping_rounds': 0, 'learning_rate': 0.1, 'max_bin': 255, 'n_estimators': 400, 'num_leaves': 31, 'num_threads': 4}",0.7549203972394468,0.7805855959432608,0.7894580240517219,0.7494921738582911,0.769400776379878,0.7687713934945197,0.015042915895306867,55
42.006249237060544,0.5106872744747843,0.023295831680297852,0.0009220884507329182,0.8,4,rf,0,0.1,255,400,50,4,"{'bagging_fraction': 0.8, 'bagging_freq': 4, 'boosting_type': 'rf', 'early_stopping_rounds': 0, 'learning_rate': 0.1, 'max_bin': 255, 'n_estimators': 400, 'num_leaves': 50, 'num_threads': 4}",0.7711957406698544,0.7961946473397377,0.8019080467845727,0.7627004862085012,0.7863494069270505,0.7836696655859432,0.014778362675954377,1
39.34298939704895,0.4742025273286429,0.027705669403076172,0.000792368184163153,0.8,4,rf,0,0.1,255,600,31,4,"{'bagging_fraction': 0.8, 'bagging_freq': 4, 'boosting_type': 'rf', 'early_stopping_rounds': 0, 'learning_rate': 0.1, 'max_bin': 255, 'n_estimators': 600, 'num_leaves': 31, 'num_threads': 4}",0.7546687620665473,0.7798715390019475,0.7892390367855167,0.7492415070914364,0.7695718808734286,0.7685185451637754,0.014985055535006364,64
62.67032504081726,1.3923511161462787,0.03428959846496582,0.0016585694863265879,0.8,4,rf,0,0.1,255,600,50,4,"{'bagging_fraction': 0.8, 'bagging_freq': 4, 'boosting_type': 'rf', 'early_stopping_rounds': 0, 'learning_rate': 0.1, 'max_bin': 255, 'n_estimators': 600, 'num_leaves': 50, 'num_threads': 4}",0.7711693472472749,0.7957508390223691,0.8012295092566386,0.7628263157844031,0.7864259475305593,0.783480391768249,0.01450809441743172,10
52.7083836555481,1.0776716860395141,0.037420225143432614,0.0014547705864747084,0.8,4,rf,0,0.1,255,800,31,4,"{'bagging_fraction': 0.8, 'bagging_freq': 4, 'boosting_type': 'rf', 'early_stopping_rounds': 0, 'learning_rate': 0.1, 'max_bin': 255, 'n_estimators': 800, 'num_leaves': 31, 'num_threads': 4}",0.754734603807617,0.7796999695162993,0.7894147555410833,0.7492896954657391,0.7697754840666625,0.7685829016794802,0.014986532256019947,58
84.96522789001465,1.4515816740264493,0.04376626014709473,0.0007352726158828332,0.8,4,rf,0,0.1,255,800,50,4,"{'bagging_fraction': 0.8, 'bagging_freq': 4, 'boosting_type': 'rf', 'early_stopping_rounds': 0, 'learning_rate': 0.1, 'max_bin': 255, 'n_estimators': 800, 'num_leaves': 50, 'num_threads': 4}",0.771262452644592,0.7954994327070954,0.8014386675289001,0.7629946570745714,0.7865704305612821,0.7835531281032881,0.014459752851447126,4
25.311750984191896,1.3867407827936222,0.0201779842376709,0.0002001821567956465,0.8,4,rf,0,0.2,255,400,31,4,"{'bagging_fraction': 0.8, 'bagging_freq': 4, 'boosting_type': 'rf', 'early_stopping_rounds': 0, 'learning_rate': 0.2, 'max_bin': 255, 'n_estimators': 400, 'num_leaves': 31, 'num_threads': 4}",0.7549203972394468,0.7805855959432608,0.7894580240517219,0.7494921738582911,0.769400776379878,0.7687713934945197,0.015042915895306867,55
42.946866846084596,0.8816724335988492,0.023680782318115233,0.0008834338570340907,0.8,4,rf,0,0.2,255,400,50,4,"{'bagging_fraction': 0.8, 'bagging_freq': 4, 'boosting_type': 'rf', 'early_stopping_rounds': 0, 'learning_rate': 0.2, 'max_bin': 255, 'n_estimators': 400, 'num_leaves': 50, 'num_threads': 4}",0.7711957406698544,0.7961946473397377,0.8019080467845727,0.7627004862085012,0.7863494069270505,0.7836696655859432,0.014778362675954377,1
40.53822765350342,0.8680738666240261,0.028411006927490233,0.0004207478687178165,0.8,4,rf,0,0.2,255,600,31,4,"{'bagging_fraction': 0.8, 'bagging_freq': 4, 'boosting_type': 'rf', 'early_stopping_rounds': 0, 'learning_rate': 0.2, 'max_bin': 255, 'n_estimators': 600, 'num_leaves': 31, 'num_threads': 4}",0.7546687620665473,0.7798715390019475,0.7892390367855167,0.7492415070914364,0.7695718808734286,0.7685185451637754,0.014985055535006364,64
63.025714826583865,0.7239702852685734,0.03418231010437012,0.0014223232766786581,0.8,4,rf,0,0.2,255,600,50,4,"{'bagging_fraction': 0.8, 'bagging_freq': 4, 'boosting_type': 'rf', 'early_stopping_rounds': 0, 'learning_rate': 0.2, 'max_bin': 255, 'n_estimators': 600, 'num_leaves': 50, 'num_threads': 4}",0.7711693472472749,0.7957508390223691,0.8012295092566386,0.7628263157844031,0.7864259475305593,0.783480391768249,0.01450809441743172,10
52.856292963027954,0.8256890354407981,0.03752622604370117,0.0024992468916002516,0.8,4,rf,0,0.2,255,800,31,4,"{'bagging_fraction': 0.8, 'bagging_freq': 4, 'boosting_type': 'rf', 'early_stopping_rounds': 0, 'learning_rate': 0.2, 'max_bin': 255, 'n_estimators': 800, 'num_leaves': 31, 'num_threads': 4}",0.754734603807617,0.7796999695162993,0.7894147555410833,0.7492896954657391,0.7697754840666625,0.7685829016794802,0.014986532256019947,58
84.11759037971497,1.2718931970494718,0.04513945579528809,0.0036191492888357586,0.8,4,rf,0,0.2,255,800,50,4,"{'bagging_fraction': 0.8, 'bagging_freq': 4, 'boosting_type': 'rf', 'early_stopping_rounds': 0, 'learning_rate': 0.2, 'max_bin': 255, 'n_estimators': 800, 'num_leaves': 50, 'num_threads': 4}",0.771262452644592,0.7954994327070954,0.8014386675289001,0.7629946570745714,0.7865704305612821,0.7835531281032881,0.014459752851447126,4
26.935489463806153,0.8199800491035059,0.019651412963867188,0.00232250596855446,0.8,4,rf,0,0.4,255,400,31,4,"{'bagging_fraction': 0.8, 'bagging_freq': 4, 'boosting_type': 'rf', 'early_stopping_rounds': 0, 'learning_rate': 0.4, 'max_bin': 255, 'n_estimators': 400, 'num_leaves': 31, 'num_threads': 4}",0.7549203972394468,0.7805855959432608,0.7894580240517219,0.7494921738582911,0.769400776379878,0.7687713934945197,0.015042915895306867,55
42.44456548690796,3.0612867154694197,0.024235248565673828,0.001420548426282183,0.8,4,rf,0,0.4,255,400,50,4,"{'bagging_fraction': 0.8, 'bagging_freq': 4, 'boosting_type': 'rf', 'early_stopping_rounds': 0, 'learning_rate': 0.4, 'max_bin': 255, 'n_estimators': 400, 'num_leaves': 50, 'num_threads': 4}",0.7711957406698544,0.7961946473397377,0.8019080467845727,0.7627004862085012,0.7863494069270505,0.7836696655859432,0.014778362675954377,1
40.97671885490418,0.627399514699717,0.028543519973754882,0.0011388180308449507,0.8,4,rf,0,0.4,255,600,31,4,"{'bagging_fraction': 0.8, 'bagging_freq': 4, 'boosting_type': 'rf', 'early_stopping_rounds': 0, 'learning_rate': 0.4, 'max_bin': 255, 'n_estimators': 600, 'num_leaves': 31, 'num_threads': 4}",0.7546687620665473,0.7798715390019475,0.7892390367855167,0.7492415070914364,0.7695718808734286,0.7685185451637754,0.014985055535006364,64
67.78701167106628,2.543427599133263,0.03434667587280273,0.0008820124159970757,0.8,4,rf,0,0.4,255,600,50,4,"{'bagging_fraction': 0.8, 'bagging_freq': 4, 'boosting_type': 'rf', 'early_stopping_rounds': 0, 'learning_rate': 0.4, 'max_bin': 255, 'n_estimators': 600, 'num_leaves': 50, 'num_threads': 4}",0.7711693472472749,0.7957508390223691,0.8012295092566386,0.7628263157844031,0.7864259475305593,0.783480391768249,0.01450809441743172,10
53.976824808120725,4.385027615787504,0.0365692138671875,0.0009874824105503986,0.8,4,rf,0,0.4,255,800,31,4,"{'bagging_fraction': 0.8, 'bagging_freq': 4, 'boosting_type': 'rf', 'early_stopping_rounds': 0, 'learning_rate': 0.4, 'max_bin': 255, 'n_estimators': 800, 'num_leaves': 31, 'num_threads': 4}",0.754734603807617,0.7796999695162993,0.7894147555410833,0.7492896954657391,0.7697754840666625,0.7685829016794802,0.014986532256019947,58
89.68571887016296,5.381404279479579,0.04458274841308594,0.0024519016129686062,0.8,4,rf,0,0.4,255,800,50,4,"{'bagging_fraction': 0.8, 'bagging_freq': 4, 'boosting_type': 'rf', 'early_stopping_rounds': 0, 'learning_rate': 0.4, 'max_bin': 255, 'n_estimators': 800, 'num_leaves': 50, 'num_threads': 4}",0.771262452644592,0.7954994327070954,0.8014386675289001,0.7629946570745714,0.7865704305612821,0.7835531281032881,0.014459752851447126,4
27.55629448890686,2.4431056955980246,0.02040829658508301,0.0006216133690066922,0.9,1,rf,0,0.1,255,400,31,4,"{'bagging_fraction': 0.9, 'bagging_freq': 1, 'boosting_type': 'rf', 'early_stopping_rounds': 0, 'learning_rate': 0.1, 'max_bin': 255, 'n_estimators': 400, 'num_leaves': 31, 'num_threads': 4}",0.7504496767780473,0.7750913141633202,0.7836107870353016,0.7430671348793365,0.7645409023665781,0.7633519630445168,0.0150172509833492,100
44.11489958763123,2.6079016449882255,0.024905061721801756,0.001376626023295202,0.9,1,rf,0,0.1,255,400,50,4,"{'bagging_fraction': 0.9, 'bagging_freq': 1, 'boosting_type': 'rf', 'early_stopping_rounds': 0, 'learning_rate': 0.1, 'max_bin': 255, 'n_estimators': 400, 'num_leaves': 50, 'num_threads': 4}",0.7671644190681571,0.7917817165148301,0.7945053003261349,0.7547373157103846,0.7811504408619181,0.7778678384962848,0.015038356876660467,46
42.803486013412474,1.0660697757548532,0.03033452033996582,0.0017119528051380856,0.9,1,rf,0,0.1,255,600,31,4,"{'bagging_fraction': 0.9, 'bagging_freq': 1, 'boosting_type': 'rf', 'early_stopping_rounds': 0, 'learning_rate': 0.1, 'max_bin': 255, 'n_estimators': 600, 'num_leaves': 31, 'num_threads': 4}",0.7504564000119466,0.7751856042735995,0.7833867232255457,0.7433286063929122,0.764493113483835,0.7633700894775679,0.014899379982144339,97
64.05655784606934,3.862480171953517,0.036841392517089844,0.0038354787681083337,0.9,1,rf,0,0.1,255,600,50,4,"{'bagging_fraction': 0.9, 'bagging_freq': 1, 'boosting_type': 'rf', 'early_stopping_rounds': 0, 'learning_rate': 0.1, 'max_bin': 255, 'n_estimators': 600, 'num_leaves': 50, 'num_threads': 4}",0.767228793881568,0.7919011122527705,0.7942144362592942,0.7550698088956608,0.7810279912533512,0.7778884285085289,0.01487997244916759,43
54.15655002593994,0.8609930003833262,0.03915843963623047,0.0012034601090266436,0.9,1,rf,0,0.1,255,800,31,4,"{'bagging_fraction': 0.9, 'bagging_freq': 1, 'boosting_type': 'rf', 'early_stopping_rounds': 0, 'learning_rate': 0.1, 'max_bin': 255, 'n_estimators': 800, 'num_leaves': 31, 'num_threads': 4}",0.7504253303157228,0.7752910782849536,0.7833168056505961,0.7434160674285908,0.7646624471671464,0.763422345769402,0.014881987640903552,91
87.70316710472108,1.2720682237426235,0.04576277732849121,0.0008486900398946729,0.9,1,rf,0,0.1,255,800,50,4,"{'bagging_fraction': 0.9, 'bagging_freq': 1, 'boosting_type': 'rf', 'early_stopping_rounds': 0, 'learning_rate': 0.1, 'max_bin': 255, 'n_estimators': 800, 'num_leaves': 50, 'num_threads': 4}",0.7671307388559487,0.7920180290916372,0.7941493808835851,0.7550659391235386,0.7811979443937701,0.777912406469696,0.014910453473002102,37
27.09448847770691,0.7697130256040797,0.01915740966796875,0.003415496301928536,0.9,1,rf,0,0.2,255,400,31,4,"{'bagging_fraction': 0.9, 'bagging_freq': 1, 'boosting_type': 'rf', 'early_stopping_rounds': 0, 'learning_rate': 0.2, 'max_bin': 255, 'n_estimators': 400, 'num_leaves': 31, 'num_threads': 4}",0.7504496767780473,0.7750913141633202,0.7836107870353016,0.7430671348793365,0.7645409023665781,0.7633519630445168,0.0150172509833492,100
43.34002470970154,1.6235203757609018,0.023747014999389648,0.0014876062343143124,0.9,1,rf,0,0.2,255,400,50,4,"{'bagging_fraction': 0.9, 'bagging_freq': 1, 'boosting_type': 'rf', 'early_stopping_rounds': 0, 'learning_rate': 0.2, 'max_bin': 255, 'n_estimators': 400, 'num_leaves': 50, 'num_threads': 4}",0.7671644190681571,0.7917817165148301,0.7945053003261349,0.7547373157103846,0.7811504408619181,0.7778678384962848,0.015038356876660467,46
40.32767424583435,2.3941302474380177,0.030471372604370116,0.0010267173869325699,0.9,1,rf,0,0.2,255,600,31,4,"{'bagging_fraction': 0.9, 'bagging_freq': 1, 'boosting_type': 'rf', 'early_stopping_rounds': 0, 'learning_rate': 0.2, 'max_bin': 255, 'n_estimators': 600, 'num_leaves': 31, 'num_threads': 4}",0.7504564000119466,0.7751856042735995,0.7833867232255457,0.7433286063929122,0.764493113483835,0.7633700894775679,0.014899379982144339,97
64.10302762985229,1.3723534040219423,0.03564963340759277,0.0013137124936506033,0.9,1,rf,0,0.2,255,600,50,4,"{'bagging_fraction': 0.9, 'bagging_freq': 1, 'boosting_type': 'rf', 'early_stopping_rounds': 0, 'learning_rate': 0.2, 'max_bin': 255, 'n_estimators': 600, 'num_leaves': 50, 'num_threads': 4}",0.767228793881568,0.7919011122527705,0.7942144362592942,0.7550698088956608,0.7810279912533512,0.7778884285085289,0.01487997244916759,43
52.98539786338806,1.065614612861555,0.03835177421569824,0.00159839674037025,0.9,1,rf,0,0.2,255,800,31,4,"{'bagging_fraction': 0.9, 'bagging_freq': 1, 'boosting_type': 'rf', 'early_stopping_rounds': 0, 'learning_rate': 0.2, 'max_bin': 255, 'n_estimators': 800, 'num_leaves': 31, 'num_threads': 4}",0.7504253303157228,0.7752910782849536,0.7833168056505961,0.7434160674285908,0.7646624471671464,0.763422345769402,0.014881987640903552,91
84.78192706108094,0.9720708625200785,0.04680509567260742,0.003553703678743454,0.9,1,rf,0,0.2,255,800,50,4,"{'bagging_fraction': 0.9, 'bagging_freq': 1, 'boosting_type': 'rf', 'early_stopping_rounds': 0, 'learning_rate': 0.2, 'max_bin': 255, 'n_estimators': 800, 'num_leaves': 50, 'num_threads': 4}",0.7671307388559487,0.7920180290916372,0.7941493808835851,0.7550659391235386,0.7811979443937701,0.777912406469696,0.014910453473002102,37
26.52951011657715,0.6712428428819115,0.019858598709106445,0.0006778238610486498,0.9,1,rf,0,0.4,255,400,31,4,"{'bagging_fraction': 0.9, 'bagging_freq': 1, 'boosting_type': 'rf', 'early_stopping_rounds': 0, 'learning_rate': 0.4, 'max_bin': 255, 'n_estimators': 400, 'num_leaves': 31, 'num_threads': 4}",0.7504496767780473,0.7750913141633202,0.7836107870353016,0.7430671348793365,0.7645409023665781,0.7633519630445168,0.0150172509833492,100
42.16620244979858,0.8194538848583803,0.024605226516723634,0.0010570598504477033,0.9,1,rf,0,0.4,255,400,50,4,"{'bagging_fraction': 0.9, 'bagging_freq': 1, 'boosting_type': 'rf', 'early_stopping_rounds': 0, 'learning_rate': 0.4, 'max_bin': 255, 'n_estimators': 400, 'num_leaves': 50, 'num_threads': 4}",0.7671644190681571,0.7917817165148301,0.7945053003261349,0.7547373157103846,0.7811504408619181,0.7778678384962848,0.015038356876660467,46
40.24093894958496,1.1595434614609081,0.029823827743530273,0.00220874484310977,0.9,1,rf,0,0.4,255,600,31,4,"{'bagging_fraction': 0.9, 'bagging_freq': 1, 'boosting_type': 'rf', 'early_stopping_rounds': 0, 'learning_rate': 0.4, 'max_bin': 255, 'n_estimators': 600, 'num_leaves': 31, 'num_threads': 4}",0.7504564000119466,0.7751856042735995,0.7833867232255457,0.7433286063929122,0.764493113483835,0.7633700894775679,0.014899379982144339,97
64.75373711585999,1.7408749087101947,0.03566923141479492,0.0018007332232321909,0.9,1,rf,0,0.4,255,600,50,4,"{'bagging_fraction': 0.9, 'bagging_freq': 1, 'boosting_type': 'rf', 'early_stopping_rounds': 0, 'learning_rate': 0.4, 'max_bin': 255, 'n_estimators': 600, 'num_leaves': 50, 'num_threads': 4}",0.767228793881568,0.7919011122527705,0.7942144362592942,0.7550698088956608,0.7810279912533512,0.7778884285085289,0.01487997244916759,43
52.77728528976441,3.720581416685015,0.038552284240722656,0.0012601160688224752,0.9,1,rf,0,0.4,255,800,31,4,"{'bagging_fraction': 0.9, 'bagging_freq': 1, 'boosting_type': 'rf', 'early_stopping_rounds': 0, 'learning_rate': 0.4, 'max_bin': 255, 'n_estimators': 800, 'num_leaves': 31, 'num_threads': 4}",0.7504253303157228,0.7752910782849536,0.7833168056505961,0.7434160674285908,0.7646624471671464,0.763422345769402,0.014881987640903552,91
86.79494185447693,1.352652805102228,0.04557943344116211,0.0007071020936151881,0.9,1,rf,0,0.4,255,800,50,4,"{'bagging_fraction': 0.9, 'bagging_freq': 1, 'boosting_type': 'rf', 'early_stopping_rounds': 0, 'learning_rate': 0.4, 'max_bin': 255, 'n_estimators': 800, 'num_leaves': 50, 'num_threads': 4}",0.7671307388559487,0.7920180290916372,0.7941493808835851,0.7550659391235386,0.7811979443937701,0.777912406469696,0.014910453473002102,37
27.453886938095092,0.3652192628894283,0.01968526840209961,0.00037936341400005496,0.9,2,rf,0,0.1,255,400,31,4,"{'bagging_fraction': 0.9, 'bagging_freq': 2, 'boosting_type': 'rf', 'early_stopping_rounds': 0, 'learning_rate': 0.1, 'max_bin': 255, 'n_estimators': 400, 'num_leaves': 31, 'num_threads': 4}",0.7499644727458938,0.7752998946957469,0.7836560079654562,0.7432411505091541,0.765059488904105,0.7634442029640712,0.015109931116782651,88
43.55955324172974,2.4025836709329167,0.023603153228759766,0.0008787714954021627,0.9,2,rf,0,0.1,255,400,50,4,"{'bagging_fraction': 0.9, 'bagging_freq': 2, 'boosting_type': 'rf', 'early_stopping_rounds': 0, 'learning_rate': 0.1, 'max_bin': 255, 'n_estimators': 400, 'num_leaves': 50, 'num_threads': 4}",0.7668593640446738,0.79187323445546,0.7946440101698118,0.755064460755551,0.7817074455523392,0.7780297029955671,0.015055784136972462,28
41.75820069313049,0.8752353907566202,0.03018941879272461,0.0017401448756240946,0.9,2,rf,0,0.1,255,600,31,4,"{'bagging_fraction': 0.9, 'bagging_freq': 2, 'boosting_type': 'rf', 'early_stopping_rounds': 0, 'learning_rate': 0.1, 'max_bin': 255, 'n_estimators': 600, 'num_leaves': 31, 'num_threads': 4}",0.7500096339586855,0.7751782547871492,0.7834995295898326,0.7430508474714672,0.7645828559334977,0.7632642243481265,0.015082541297371892,106
65.31965832710266,1.4747649814159933,0.03253984451293945,0.0013380925710019045,0.9,2,rf,0,0.1,255,600,50,4,"{'bagging_fraction': 0.9, 'bagging_freq': 2, 'boosting_type': 'rf', 'early_stopping_rounds': 0, 'learning_rate': 0.1, 'max_bin': 255, 'n_estimators': 600, 'num_leaves': 50, 'num_threads': 4}",0.7668415908159754,0.7919058506742715,0.7945287191588315,0.7546548884726546,0.7811413043629644,0.7778144706969394,0.015137841690533633,52
54.558152723312375,1.189636102503047,0.03870968818664551,0.0018947095374131444,0.9,2,rf,0,0.1,255,800,31,4,"{'bagging_fraction': 0.9, 'bagging_freq': 2, 'boosting_type': 'rf', 'early_stopping_rounds': 0, 'learning_rate': 0.1, 'max_bin': 255, 'n_estimators': 800, 'num_leaves': 31, 'num_threads': 4}",0.7504496767780472,0.7750913141633202,0.7836107870353016,0.7430671348793365,0.7645409023665781,0.7633519630445168,0.015017250983349219,100
88.990549659729,0.7632007773949979,0.045176458358764646,0.002905614238529278,0.9,2,rf,0,0.1,255,800,50,4,"{'bagging_fraction': 0.9, 'bagging_freq': 2, 'boosting_type': 'rf', 'early_stopping_rounds': 0, 'learning_rate': 0.1, 'max_bin': 255, 'n_estimators': 800, 'num_leaves': 50, 'num_threads': 4}",0.7671644190681571,0.7917817165148301,0.7945053003261346,0.7547373157103847,0.781150440861918,0.7778678384962848,0.01503835687666038,46
27.69507851600647,1.5944812192084559,0.02040104866027832,0.0011350850839700031,0.9,2,rf,0,0.2,255,400,31,4,"{'bagging_fraction': 0.9, 'bagging_freq': 2, 'boosting_type': 'rf', 'early_stopping_rounds': 0, 'learning_rate': 0.2, 'max_bin': 255, 'n_estimators': 400, 'num_leaves': 31, 'num_threads': 4}",0.7499644727458938,0.7752998946957469,0.7836560079654562,0.7432411505091541,0.765059488904105,0.7634442029640712,0.015109931116782651,88
44.204720973968506,3.176098833443033,0.024913692474365236,0.0021360425227797872,0.9,2,rf,0,0.2,255,400,50,4,"{'bagging_fraction': 0.9, 'bagging_freq': 2, 'boosting_type': 'rf', 'early_stopping_rounds': 0, 'learning_rate': 0.2, 'max_bin': 255, 'n_estimators': 400, 'num_leaves': 50, 'num_threads': 4}",0.7668593640446738,0.79187323445546,0.7946440101698118,0.755064460755551,0.7817074455523392,0.7780297029955671,0.015055784136972462,28
43.60492029190063,0.876174949310109,0.03292107582092285,0.006965838639092958,0.9,2,rf,0,0.2,255,600,31,4,"{'bagging_fraction': 0.9, 'bagging_freq': 2, 'boosting_type': 'rf', 'early_stopping_rounds': 0, 'learning_rate': 0.2, 'max_bin': 255, 'n_estimators': 600, 'num_leaves': 31, 'num_threads': 4}",0.7500096339586855,0.7751782547871492,0.7834995295898326,0.7430508474714672,0.7645828559334977,0.7632642243481265,0.015082541297371892,106
67.48889775276184,3.7507595209784914,0.03523135185241699,0.0009692999448539107,0.9,2,rf,0,0.2,255,600,50,4,"{'bagging_fraction': 0.9, 'bagging_freq': 2, 'boosting_type': 'rf', 'early_stopping_rounds': 0, 'learning_rate': 0.2, 'max_bin': 255, 'n_estimators': 600, 'num_leaves': 50, 'num_threads': 4}",0.7668415908159754,0.7919058506742715,0.7945287191588315,0.7546548884726546,0.7811413043629644,0.7778144706969394,0.015137841690533633,52
56.44771485328674,3.1429177927310636,0.03776421546936035,0.0017780518548407471,0.9,2,rf,0,0.2,255,800,31,4,"{'bagging_fraction': 0.9, 'bagging_freq': 2, 'boosting_type': 'rf', 'early_stopping_rounds': 0, 'learning_rate': 0.2, 'max_bin': 255, 'n_estimators': 800, 'num_leaves': 31, 'num_threads': 4}",0.7504496767780472,0.7750913141633202,0.7836107870353016,0.7430671348793365,0.7645409023665781,0.7633519630445168,0.015017250983349219,100
88.54656896591186,2.095314903805159,0.04578585624694824,0.0006860687462774938,0.9,2,rf,0,0.2,255,800,50,4,"{'bagging_fraction': 0.9, 'bagging_freq': 2, 'boosting_type': 'rf', 'early_stopping_rounds': 0, 'learning_rate': 0.2, 'max_bin': 255, 'n_estimators': 800, 'num_leaves': 50, 'num_threads': 4}",0.7671644190681571,0.7917817165148301,0.7945053003261346,0.7547373157103847,0.781150440861918,0.7778678384962848,0.01503835687666038,46
28.088904714584352,0.9246285112311564,0.02098193168640137,0.0013395764873285066,0.9,2,rf,0,0.4,255,400,31,4,"{'bagging_fraction': 0.9, 'bagging_freq': 2, 'boosting_type': 'rf', 'early_stopping_rounds': 0, 'learning_rate': 0.4, 'max_bin': 255, 'n_estimators': 400, 'num_leaves': 31, 'num_threads': 4}",0.7499644727458938,0.7752998946957469,0.7836560079654562,0.7432411505091541,0.765059488904105,0.7634442029640712,0.015109931116782651,88
44.08817009925842,0.6541581030451449,0.023408794403076173,0.0007568089617115193,0.9,2,rf,0,0.4,255,400,50,4,"{'bagging_fraction': 0.9, 'bagging_freq': 2, 'boosting_type': 'rf', 'early_stopping_rounds': 0, 'learning_rate': 0.4, 'max_bin': 255, 'n_estimators': 400, 'num_leaves': 50, 'num_threads': 4}",0.7668593640446738,0.79187323445546,0.7946440101698118,0.755064460755551,0.7817074455523392,0.7780297029955671,0.015055784136972462,28
41.712688779830934,0.7367341559783626,0.03015727996826172,0.002173905501262875,0.9,2,rf,0,0.4,255,600,31,4,"{'bagging_fraction': 0.9, 'bagging_freq': 2, 'boosting_type': 'rf', 'early_stopping_rounds': 0, 'learning_rate': 0.4, 'max_bin': 255, 'n_estimators': 600, 'num_leaves': 31, 'num_threads': 4}",0.7500096339586855,0.7751782547871492,0.7834995295898326,0.7430508474714672,0.7645828559334977,0.7632642243481265,0.015082541297371892,106
65.15158848762512,1.0233074014025743,0.033423328399658205,0.0012876371297589715,0.9,2,rf,0,0.4,255,600,50,4,"{'bagging_fraction': 0.9, 'bagging_freq': 2, 'boosting_type': 'rf', 'early_stopping_rounds': 0, 'learning_rate': 0.4, 'max_bin': 255, 'n_estimators': 600, 'num_leaves': 50, 'num_threads': 4}",0.7668415908159754,0.7919058506742715,0.7945287191588315,0.7546548884726546,0.7811413043629644,0.7778144706969394,0.015137841690533633,52
54.35333285331726,1.0598688677095853,0.03762378692626953,0.001705350879561054,0.9,2,rf,0,0.4,255,800,31,4,"{'bagging_fraction': 0.9, 'bagging_freq': 2, 'boosting_type': 'rf', 'early_stopping_rounds': 0, 'learning_rate': 0.4, 'max_bin': 255, 'n_estimators': 800, 'num_leaves': 31, 'num_threads': 4}",0.7504496767780472,0.7750913141633202,0.7836107870353016,0.7430671348793365,0.7645409023665781,0.7633519630445168,0.015017250983349219,100
87.92665071487427,1.5257445048312146,0.04359326362609863,0.0009134340644577859,0.9,2,rf,0,0.4,255,800,50,4,"{'bagging_fraction': 0.9, 'bagging_freq': 2, 'boosting_type': 'rf', 'early_stopping_rounds': 0, 'learning_rate': 0.4, 'max_bin': 255, 'n_estimators': 800, 'num_leaves': 50, 'num_threads': 4}",0.7671644190681571,0.7917817165148301,0.7945053003261346,0.7547373157103847,0.781150440861918,0.7778678384962848,0.01503835687666038,46
27.803432273864747,1.7843088084888223,0.019581031799316407,0.000315496357233993,0.9,4,rf,0,0.1,255,400,31,4,"{'bagging_fraction': 0.9, 'bagging_freq': 4, 'boosting_type': 'rf', 'early_stopping_rounds': 0, 'learning_rate': 0.1, 'max_bin': 255, 'n_estimators': 400, 'num_leaves': 31, 'num_threads': 4}",0.7500999442255087,0.7752224108394017,0.7832562470776654,0.7438443552026973,0.7650786448260333,0.7635003204342612,0.014806229774065132,82
42.82735462188721,1.2750027179593622,0.022584009170532226,0.0008510404451836447,0.9,4,rf,0,0.1,255,400,50,4,"{'bagging_fraction': 0.9, 'bagging_freq': 4, 'boosting_type': 'rf', 'early_stopping_rounds': 0, 'learning_rate': 0.1, 'max_bin': 255, 'n_estimators': 400, 'num_leaves': 50, 'num_threads': 4}",0.766793252091586,0.7915968135635036,0.7945481078504661,0.7554922047933397,0.7816082061339743,0.778007716886574,0.014858829765581118,34
41.36106328964233,1.2463779638205115,0.028090143203735353,0.0016706498249789321,0.9,4,rf,0,0.1,255,600,31,4,"{'bagging_fraction': 0.9, 'bagging_freq': 4, 'boosting_type': 'rf', 'early_stopping_rounds': 0, 'learning_rate': 0.1, 'max_bin': 255, 'n_estimators': 600, 'num_leaves': 31, 'num_threads': 4}",0.7498121481122038,0.7752771735140184,0.7834142918969831,0.7433768357383095,0.7651175849191968,0.7633996068361423,0.015034267883584047,94
63.983373975753786,0.8624085871738517,0.03276004791259766,0.0005875698177407197,0.9,4,rf,0,0.1,255,600,50,4,"{'bagging_fraction': 0.9, 'bagging_freq': 4, 'boosting_type': 'rf', 'early_stopping_rounds': 0, 'learning_rate': 0.1, 'max_bin': 255, 'n_estimators': 600, 'num_leaves': 50, 'num_threads': 4}",0.7667160832488468,0.7917068037596975,0.7942372807207392,0.7552276940409949,0.781656933396787,0.777908959033413,0.014904778898252686,40
53.408812856674196,1.656737486364308,0.036568212509155276,0.00080931066957431,0.9,4,rf,0,0.1,255,800,31,4,"{'bagging_fraction': 0.9, 'bagging_freq': 4, 'boosting_type': 'rf', 'early_stopping_rounds': 0, 'learning_rate': 0.1, 'max_bin': 255, 'n_estimators': 800, 'num_leaves': 31, 'num_threads': 4}",0.7499644727458938,0.7752998946957468,0.7836560079654562,0.7432411505091543,0.7650594889041049,0.7634442029640713,0.015109931116782573,85
89.04035196304321,2.367944371706309,0.04332418441772461,0.001553355878973068,0.9,4,rf,0,0.1,255,800,50,4,"{'bagging_fraction': 0.9, 'bagging_freq': 4, 'boosting_type': 'rf', 'early_stopping_rounds': 0, 'learning_rate': 0.1, 'max_bin': 255, 'n_estimators': 800, 'num_leaves': 50, 'num_threads': 4}",0.7668593640446739,0.79187323445546,0.7946440101698118,0.755064460755551,0.7817074455523392,0.7780297029955671,0.015055784136972445,28
27.348405122756958,0.7740634033383593,0.01986727714538574,0.0006776152247933953,0.9,4,rf,0,0.2,255,400,31,4,"{'bagging_fraction': 0.9, 'bagging_freq': 4, 'boosting_type': 'rf', 'early_stopping_rounds': 0, 'learning_rate': 0.2, 'max_bin': 255, 'n_estimators': 400, 'num_leaves': 31, 'num_threads': 4}",0.7500999442255087,0.7752224108394017,0.7832562470776654,0.7438443552026973,0.7650786448260333,0.7635003204342612,0.014806229774065132,82
43.65823240280152,3.7379899617638346,0.02249140739440918,0.000874322395340045,0.9,4,rf,0,0.2,255,400,50,4,"{'bagging_fraction': 0.9, 'bagging_freq': 4, 'boosting_type': 'rf', 'early_stopping_rounds': 0, 'learning_rate': 0.2, 'max_bin': 255, 'n_estimators': 400, 'num_leaves': 50, 'num_threads': 4}",0.766793252091586,0.7915968135635036,0.7945481078504661,0.7554922047933397,0.7816082061339743,0.778007716886574,0.014858829765581118,34
42.622308540344235,1.2797353744393287,0.02819986343383789,0.0012610189708382221,0.9,4,rf,0,0.2,255,600,31,4,"{'bagging_fraction': 0.9, 'bagging_freq': 4, 'boosting_type': 'rf', 'early_stopping_rounds': 0, 'learning_rate': 0.2, 'max_bin': 255, 'n_estimators': 600, 'num_leaves': 31, 'num_threads': 4}",0.7498121481122038,0.7752771735140184,0.7834142918969831,0.7433768357383095,0.7651175849191968,0.7633996068361423,0.015034267883584047,94
65.14952354431152,0.7225396679607589,0.03279576301574707,0.0005488051122791187,0.9,4,rf,0,0.2,255,600,50,4,"{'bagging_fraction': 0.9, 'bagging_freq': 4, 'boosting_type': 'rf', 'early_stopping_rounds': 0, 'learning_rate': 0.2, 'max_bin': 255, 'n_estimators': 600, 'num_leaves': 50, 'num_threads': 4}",0.7667160832488468,0.7917068037596975,0.7942372807207392,0.7552276940409949,0.781656933396787,0.777908959033413,0.014904778898252686,40
53.88276934623718,1.5148781785107135,0.037670040130615236,0.0016817181467357572,0.9,4,rf,0,0.2,255,800,31,4,"{'bagging_fraction': 0.9, 'bagging_freq': 4, 'boosting_type': 'rf', 'early_stopping_rounds': 0, 'learning_rate': 0.2, 'max_bin': 255, 'n_estimators': 800, 'num_leaves': 31, 'num_threads': 4}",0.7499644727458938,0.7752998946957468,0.7836560079654562,0.7432411505091543,0.7650594889041049,0.7634442029640713,0.015109931116782573,85
88.19372444152832,0.8984401060973696,0.0447540283203125,0.0023135772931757123,0.9,4,rf,0,0.2,255,800,50,4,"{'bagging_fraction': 0.9, 'bagging_freq': 4, 'boosting_type': 'rf', 'early_stopping_rounds': 0, 'learning_rate': 0.2, 'max_bin': 255, 'n_estimators': 800, 'num_leaves': 50, 'num_threads': 4}",0.7668593640446739,0.79187323445546,0.7946440101698118,0.755064460755551,0.7817074455523392,0.7780297029955671,0.015055784136972445,28
27.70073914527893,0.8738718222193985,0.019381141662597655,0.0013626488260068252,0.9,4,rf,0,0.4,255,400,31,4,"{'bagging_fraction': 0.9, 'bagging_freq': 4, 'boosting_type': 'rf', 'early_stopping_rounds': 0, 'learning_rate': 0.4, 'max_bin': 255, 'n_estimators': 400, 'num_leaves': 31, 'num_threads': 4}",0.7500999442255087,0.7752224108394017,0.7832562470776654,0.7438443552026973,0.7650786448260333,0.7635003204342612,0.014806229774065132,82
44.01313533782959,2.5628868079570055,0.022995662689208985,0.0009366450214631749,0.9,4,rf,0,0.4,255,400,50,4,"{'bagging_fraction': 0.9, 'bagging_freq': 4, 'boosting_type': 'rf', 'early_stopping_rounds': 0, 'learning_rate': 0.4, 'max_bin': 255, 'n_estimators': 400, 'num_leaves': 50, 'num_threads': 4}",0.766793252091586,0.7915968135635036,0.7945481078504661,0.7554922047933397,0.7816082061339743,0.778007716886574,0.014858829765581118,34
41.69511675834656,2.8862400167117395,0.029010820388793945,0.002910065792263944,0.9,4,rf,0,0.4,255,600,31,4,"{'bagging_fraction': 0.9, 'bagging_freq': 4, 'boosting_type': 'rf', 'early_stopping_rounds': 0, 'learning_rate': 0.4, 'max_bin': 255, 'n_estimators': 600, 'num_leaves': 31, 'num_threads': 4}",0.7498121481122038,0.7752771735140184,0.7834142918969831,0.7433768357383095,0.7651175849191968,0.7633996068361423,0.015034267883584047,94
69.39728074073791,2.8003804785082007,0.031840944290161134,0.001022765047201629,0.9,4,rf,0,0.4,255,600,50,4,"{'bagging_fraction': 0.9, 'bagging_freq': 4, 'boosting_type': 'rf', 'early_stopping_rounds': 0, 'learning_rate': 0.4, 'max_bin': 255, 'n_estimators': 600, 'num_leaves': 50, 'num_threads': 4}",0.7667160832488468,0.7917068037596975,0.7942372807207392,0.7552276940409949,0.781656933396787,0.777908959033413,0.014904778898252686,40
56.7762092590332,0.9185590864043416,0.035221433639526366,0.0015593151321028921,0.9,4,rf,0,0.4,255,800,31,4,"{'bagging_fraction': 0.9, 'bagging_freq': 4, 'boosting_type': 'rf', 'early_stopping_rounds': 0, 'learning_rate': 0.4, 'max_bin': 255, 'n_estimators': 800, 'num_leaves': 31, 'num_threads': 4}",0.7499644727458938,0.7752998946957468,0.7836560079654562,0.7432411505091543,0.7650594889041049,0.7634442029640713,0.015109931116782573,85
63.567867040634155,5.045489582636385,0.04185199737548828,0.00720188842490731,0.9,4,rf,0,0.4,255,800,50,4,"{'bagging_fraction': 0.9, 'bagging_freq': 4, 'boosting_type': 'rf', 'early_stopping_rounds': 0, 'learning_rate': 0.4, 'max_bin': 255, 'n_estimators': 800, 'num_leaves': 50, 'num_threads': 4}",0.7668593640446739,0.79187323445546,0.7946440101698118,0.755064460755551,0.7817074455523392,0.7780297029955671,0.015055784136972445,28
0.10560483932495117,0.004451913132494849,0.0,0.0,1.0,1,rf,0,0.1,255,400,31,4,"{'bagging_fraction': 1.0, 'bagging_freq': 1, 'boosting_type': 'rf', 'early_stopping_rounds': 0, 'learning_rate': 0.1, 'max_bin': 255, 'n_estimators': 400, 'num_leaves': 31, 'num_threads': 4}",,,,,,,,109
0.10366768836975097,0.0025651147694134594,0.0,0.0,1.0,1,rf,0,0.1,255,400,50,4,"{'bagging_fraction': 1.0, 'bagging_freq': 1, 'boosting_type': 'rf', 'early_stopping_rounds': 0, 'learning_rate': 0.1, 'max_bin': 255, 'n_estimators': 400, 'num_leaves': 50, 'num_threads': 4}",,,,,,,,109
0.105255126953125,0.00349733429982906,0.0,0.0,1.0,1,rf,0,0.1,255,600,31,4,"{'bagging_fraction': 1.0, 'bagging_freq': 1, 'boosting_type': 'rf', 'early_stopping_rounds': 0, 'learning_rate': 0.1, 'max_bin': 255, 'n_estimators': 600, 'num_leaves': 31, 'num_threads': 4}",,,,,,,,109
0.10189862251281738,0.0029919526021540124,0.0,0.0,1.0,1,rf,0,0.1,255,600,50,4,"{'bagging_fraction': 1.0, 'bagging_freq': 1, 'boosting_type': 'rf', 'early_stopping_rounds': 0, 'learning_rate': 0.1, 'max_bin': 255, 'n_estimators': 600, 'num_leaves': 50, 'num_threads': 4}",,,,,,,,109
0.10402822494506836,0.0031120676250026855,0.0,0.0,1.0,1,rf,0,0.1,255,800,31,4,"{'bagging_fraction': 1.0, 'bagging_freq': 1, 'boosting_type': 'rf', 'early_stopping_rounds': 0, 'learning_rate': 0.1, 'max_bin': 255, 'n_estimators': 800, 'num_leaves': 31, 'num_threads': 4}",,,,,,,,109
0.10708045959472656,0.00428620276924643,0.0,0.0,1.0,1,rf,0,0.1,255,800,50,4,"{'bagging_fraction': 1.0, 'bagging_freq': 1, 'boosting_type': 'rf', 'early_stopping_rounds': 0, 'learning_rate': 0.1, 'max_bin': 255, 'n_estimators': 800, 'num_leaves': 50, 'num_threads': 4}",,,,,,,,109
0.10847468376159668,0.0050259359447737085,0.0,0.0,1.0,1,rf,0,0.2,255,400,31,4,"{'bagging_fraction': 1.0, 'bagging_freq': 1, 'boosting_type': 'rf', 'early_stopping_rounds': 0, 'learning_rate': 0.2, 'max_bin': 255, 'n_estimators': 400, 'num_leaves': 31, 'num_threads': 4}",,,,,,,,109
0.107185697555542,0.0011562137309235499,0.0,0.0,1.0,1,rf,0,0.2,255,400,50,4,"{'bagging_fraction': 1.0, 'bagging_freq': 1, 'boosting_type': 'rf', 'early_stopping_rounds': 0, 'learning_rate': 0.2, 'max_bin': 255, 'n_estimators': 400, 'num_leaves': 50, 'num_threads': 4}",,,,,,,,109
0.10722160339355469,0.002549404116008413,0.0,0.0,1.0,1,rf,0,0.2,255,600,31,4,"{'bagging_fraction': 1.0, 'bagging_freq': 1, 'boosting_type': 'rf', 'early_stopping_rounds': 0, 'learning_rate': 0.2, 'max_bin': 255, 'n_estimators': 600, 'num_leaves': 31, 'num_threads': 4}",,,,,,,,109
0.11044516563415527,0.0036490466757129916,0.0,0.0,1.0,1,rf,0,0.2,255,600,50,4,"{'bagging_fraction': 1.0, 'bagging_freq': 1, 'boosting_type': 'rf', 'early_stopping_rounds': 0, 'learning_rate': 0.2, 'max_bin': 255, 'n_estimators': 600, 'num_leaves': 50, 'num_threads': 4}",,,,,,,,109
0.10710558891296387,0.002749193421177946,0.0,0.0,1.0,1,rf,0,0.2,255,800,31,4,"{'bagging_fraction': 1.0, 'bagging_freq': 1, 'boosting_type': 'rf', 'early_stopping_rounds': 0, 'learning_rate': 0.2, 'max_bin': 255, 'n_estimators': 800, 'num_leaves': 31, 'num_threads': 4}",,,,,,,,109
0.10614199638366699,0.0032292166412120488,0.0,0.0,1.0,1,rf,0,0.2,255,800,50,4,"{'bagging_fraction': 1.0, 'bagging_freq': 1, 'boosting_type': 'rf', 'early_stopping_rounds': 0, 'learning_rate': 0.2, 'max_bin': 255, 'n_estimators': 800, 'num_leaves': 50, 'num_threads': 4}",,,,,,,,109
0.11031160354614258,0.004107242785898101,0.0,0.0,1.0,1,rf,0,0.4,255,400,31,4,"{'bagging_fraction': 1.0, 'bagging_freq': 1, 'boosting_type': 'rf', 'early_stopping_rounds': 0, 'learning_rate': 0.4, 'max_bin': 255, 'n_estimators': 400, 'num_leaves': 31, 'num_threads': 4}",,,,,,,,109
0.10451207160949708,0.003831133156367919,0.0,0.0,1.0,1,rf,0,0.4,255,400,50,4,"{'bagging_fraction': 1.0, 'bagging_freq': 1, 'boosting_type': 'rf', 'early_stopping_rounds': 0, 'learning_rate': 0.4, 'max_bin': 255, 'n_estimators': 400, 'num_leaves': 50, 'num_threads': 4}",,,,,,,,109
0.10262570381164551,0.0022369465634263586,0.0,0.0,1.0,1,rf,0,0.4,255,600,31,4,"{'bagging_fraction': 1.0, 'bagging_freq': 1, 'boosting_type': 'rf', 'early_stopping_rounds': 0, 'learning_rate': 0.4, 'max_bin': 255, 'n_estimators': 600, 'num_leaves': 31, 'num_threads': 4}",,,,,,,,109
0.10456581115722656,0.0025350264998454217,0.0,0.0,1.0,1,rf,0,0.4,255,600,50,4,"{'bagging_fraction': 1.0, 'bagging_freq': 1, 'boosting_type': 'rf', 'early_stopping_rounds': 0, 'learning_rate': 0.4, 'max_bin': 255, 'n_estimators': 600, 'num_leaves': 50, 'num_threads': 4}",,,,,,,,109
0.1060206413269043,0.0026324412591125176,0.0,0.0,1.0,1,rf,0,0.4,255,800,31,4,"{'bagging_fraction': 1.0, 'bagging_freq': 1, 'boosting_type': 'rf', 'early_stopping_rounds': 0, 'learning_rate': 0.4, 'max_bin': 255, 'n_estimators': 800, 'num_leaves': 31, 'num_threads': 4}",,,,,,,,109
0.10160894393920898,0.0021378024173809014,0.0,0.0,1.0,1,rf,0,0.4,255,800,50,4,"{'bagging_fraction': 1.0, 'bagging_freq': 1, 'boosting_type': 'rf', 'early_stopping_rounds': 0, 'learning_rate': 0.4, 'max_bin': 255, 'n_estimators': 800, 'num_leaves': 50, 'num_threads': 4}",,,,,,,,109
0.10288114547729492,0.0036498529671226427,0.0,0.0,1.0,2,rf,0,0.1,255,400,31,4,"{'bagging_fraction': 1.0, 'bagging_freq': 2, 'boosting_type': 'rf', 'early_stopping_rounds': 0, 'learning_rate': 0.1, 'max_bin': 255, 'n_estimators': 400, 'num_leaves': 31, 'num_threads': 4}",,,,,,,,109
0.10380949974060058,0.004927530435700367,0.0,0.0,1.0,2,rf,0,0.1,255,400,50,4,"{'bagging_fraction': 1.0, 'bagging_freq': 2, 'boosting_type': 'rf', 'early_stopping_rounds': 0, 'learning_rate': 0.1, 'max_bin': 255, 'n_estimators': 400, 'num_leaves': 50, 'num_threads': 4}",,,,,,,,109
0.10498814582824707,0.006430821577017759,0.0,0.0,1.0,2,rf,0,0.1,255,600,31,4,"{'bagging_fraction': 1.0, 'bagging_freq': 2, 'boosting_type': 'rf', 'early_stopping_rounds': 0, 'learning_rate': 0.1, 'max_bin': 255, 'n_estimators': 600, 'num_leaves': 31, 'num_threads': 4}",,,,,,,,109
0.10478711128234863,0.002404092401140113,0.0,0.0,1.0,2,rf,0,0.1,255,600,50,4,"{'bagging_fraction': 1.0, 'bagging_freq': 2, 'boosting_type': 'rf', 'early_stopping_rounds': 0, 'learning_rate': 0.1, 'max_bin': 255, 'n_estimators': 600, 'num_leaves': 50, 'num_threads': 4}",,,,,,,,109
0.10490517616271973,0.0027661550925664573,0.0,0.0,1.0,2,rf,0,0.1,255,800,31,4,"{'bagging_fraction': 1.0, 'bagging_freq': 2, 'boosting_type': 'rf', 'early_stopping_rounds': 0, 'learning_rate': 0.1, 'max_bin': 255, 'n_estimators': 800, 'num_leaves': 31, 'num_threads': 4}",,,,,,,,109
0.10394716262817383,0.0016314912465850255,0.0,0.0,1.0,2,rf,0,0.1,255,800,50,4,"{'bagging_fraction': 1.0, 'bagging_freq': 2, 'boosting_type': 'rf', 'early_stopping_rounds': 0, 'learning_rate': 0.1, 'max_bin': 255, 'n_estimators': 800, 'num_leaves': 50, 'num_threads': 4}",,,,,,,,109
0.1043886661529541,0.0025735015287530866,0.0,0.0,1.0,2,rf,0,0.2,255,400,31,4,"{'bagging_fraction': 1.0, 'bagging_freq': 2, 'boosting_type': 'rf', 'early_stopping_rounds': 0, 'learning_rate': 0.2, 'max_bin': 255, 'n_estimators': 400, 'num_leaves': 31, 'num_threads': 4}",,,,,,,,109
0.1051088809967041,0.0012298324154186857,0.0,0.0,1.0,2,rf,0,0.2,255,400,50,4,"{'bagging_fraction': 1.0, 'bagging_freq': 2, 'boosting_type': 'rf', 'early_stopping_rounds': 0, 'learning_rate': 0.2, 'max_bin': 255, 'n_estimators': 400, 'num_leaves': 50, 'num_threads': 4}",,,,,,,,109
0.10573339462280273,0.002073592029443373,0.0,0.0,1.0,2,rf,0,0.2,255,600,31,4,"{'bagging_fraction': 1.0, 'bagging_freq': 2, 'boosting_type': 'rf', 'early_stopping_rounds': 0, 'learning_rate': 0.2, 'max_bin': 255, 'n_estimators': 600, 'num_leaves': 31, 'num_threads': 4}",,,,,,,,109
0.1096348762512207,0.0035039389241965113,0.0,0.0,1.0,2,rf,0,0.2,255,600,50,4,"{'bagging_fraction': 1.0, 'bagging_freq': 2, 'boosting_type': 'rf', 'early_stopping_rounds': 0, 'learning_rate': 0.2, 'max_bin': 255, 'n_estimators': 600, 'num_leaves': 50, 'num_threads': 4}",,,,,,,,109
0.11159186363220215,0.002047589435358888,0.0,0.0,1.0,2,rf,0,0.2,255,800,31,4,"{'bagging_fraction': 1.0, 'bagging_freq': 2, 'boosting_type': 'rf', 'early_stopping_rounds': 0, 'learning_rate': 0.2, 'max_bin': 255, 'n_estimators': 800, 'num_leaves': 31, 'num_threads': 4}",,,,,,,,109
0.10392289161682129,0.005786747637033847,0.0,0.0,1.0,2,rf,0,0.2,255,800,50,4,"{'bagging_fraction': 1.0, 'bagging_freq': 2, 'boosting_type': 'rf', 'early_stopping_rounds': 0, 'learning_rate': 0.2, 'max_bin': 255, 'n_estimators': 800, 'num_leaves': 50, 'num_threads': 4}",,,,,,,,109
0.10290470123291015,0.003448334212925366,0.0,0.0,1.0,2,rf,0,0.4,255,400,31,4,"{'bagging_fraction': 1.0, 'bagging_freq': 2, 'boosting_type': 'rf', 'early_stopping_rounds': 0, 'learning_rate': 0.4, 'max_bin': 255, 'n_estimators': 400, 'num_leaves': 31, 'num_threads': 4}",,,,,,,,109
0.0998204231262207,0.004413919123919622,0.0,0.0,1.0,2,rf,0,0.4,255,400,50,4,"{'bagging_fraction': 1.0, 'bagging_freq': 2, 'boosting_type': 'rf', 'early_stopping_rounds': 0, 'learning_rate': 0.4, 'max_bin': 255, 'n_estimators': 400, 'num_leaves': 50, 'num_threads': 4}",,,,,,,,109
0.10508599281311035,0.005403747457810835,0.0,0.0,1.0,2,rf,0,0.4,255,600,31,4,"{'bagging_fraction': 1.0, 'bagging_freq': 2, 'boosting_type': 'rf', 'early_stopping_rounds': 0, 'learning_rate': 0.4, 'max_bin': 255, 'n_estimators': 600, 'num_leaves': 31, 'num_threads': 4}",,,,,,,,109
0.1007528305053711,0.0023245917442275815,0.0,0.0,1.0,2,rf,0,0.4,255,600,50,4,"{'bagging_fraction': 1.0, 'bagging_freq': 2, 'boosting_type': 'rf', 'early_stopping_rounds': 0, 'learning_rate': 0.4, 'max_bin': 255, 'n_estimators': 600, 'num_leaves': 50, 'num_threads': 4}",,,,,,,,109
0.10198888778686524,0.004567648119170688,0.0,0.0,1.0,2,rf,0,0.4,255,800,31,4,"{'bagging_fraction': 1.0, 'bagging_freq': 2, 'boosting_type': 'rf', 'early_stopping_rounds': 0, 'learning_rate': 0.4, 'max_bin': 255, 'n_estimators': 800, 'num_leaves': 31, 'num_threads': 4}",,,,,,,,109
0.10172023773193359,0.0011805828092215046,0.0,0.0,1.0,2,rf,0,0.4,255,800,50,4,"{'bagging_fraction': 1.0, 'bagging_freq': 2, 'boosting_type': 'rf', 'early_stopping_rounds': 0, 'learning_rate': 0.4, 'max_bin': 255, 'n_estimators': 800, 'num_leaves': 50, 'num_threads': 4}",,,,,,,,109
0.10272746086120606,0.0021936557425367258,0.0,0.0,1.0,4,rf,0,0.1,255,400,31,4,"{'bagging_fraction': 1.0, 'bagging_freq': 4, 'boosting_type': 'rf', 'early_stopping_rounds': 0, 'learning_rate': 0.1, 'max_bin': 255, 'n_estimators': 400, 'num_leaves': 31, 'num_threads': 4}",,,,,,,,109
0.1052086353302002,0.00335926285652113,0.0,0.0,1.0,4,rf,0,0.1,255,400,50,4,"{'bagging_fraction': 1.0, 'bagging_freq': 4, 'boosting_type': 'rf', 'early_stopping_rounds': 0, 'learning_rate': 0.1, 'max_bin': 255, 'n_estimators': 400, 'num_leaves': 50, 'num_threads': 4}",,,,,,,,109
0.10564570426940918,0.002561260051703739,0.0,0.0,1.0,4,rf,0,0.1,255,600,31,4,"{'bagging_fraction': 1.0, 'bagging_freq': 4, 'boosting_type': 'rf', 'early_stopping_rounds': 0, 'learning_rate': 0.1, 'max_bin': 255, 'n_estimators': 600, 'num_leaves': 31, 'num_threads': 4}",,,,,,,,109
0.10793857574462891,0.0031817763005037945,0.0,0.0,1.0,4,rf,0,0.1,255,600,50,4,"{'bagging_fraction': 1.0, 'bagging_freq': 4, 'boosting_type': 'rf', 'early_stopping_rounds': 0, 'learning_rate': 0.1, 'max_bin': 255, 'n_estimators': 600, 'num_leaves': 50, 'num_threads': 4}",,,,,,,,109
0.10011377334594726,0.0024006422520897646,0.0,0.0,1.0,4,rf,0,0.1,255,800,31,4,"{'bagging_fraction': 1.0, 'bagging_freq': 4, 'boosting_type': 'rf', 'early_stopping_rounds': 0, 'learning_rate': 0.1, 'max_bin': 255, 'n_estimators': 800, 'num_leaves': 31, 'num_threads': 4}",,,,,,,,109
0.10080699920654297,0.0010514427841116518,0.0,0.0,1.0,4,rf,0,0.1,255,800,50,4,"{'bagging_fraction': 1.0, 'bagging_freq': 4, 'boosting_type': 'rf', 'early_stopping_rounds': 0, 'learning_rate': 0.1, 'max_bin': 255, 'n_estimators': 800, 'num_leaves': 50, 'num_threads': 4}",,,,,,,,109
0.10234990119934081,0.0013699842134799732,0.0,0.0,1.0,4,rf,0,0.2,255,400,31,4,"{'bagging_fraction': 1.0, 'bagging_freq': 4, 'boosting_type': 'rf', 'early_stopping_rounds': 0, 'learning_rate': 0.2, 'max_bin': 255, 'n_estimators': 400, 'num_leaves': 31, 'num_threads': 4}",,,,,,,,109
0.1013298511505127,0.0020875284649803246,0.0,0.0,1.0,4,rf,0,0.2,255,400,50,4,"{'bagging_fraction': 1.0, 'bagging_freq': 4, 'boosting_type': 'rf', 'early_stopping_rounds': 0, 'learning_rate': 0.2, 'max_bin': 255, 'n_estimators': 400, 'num_leaves': 50, 'num_threads': 4}",,,,,,,,109
0.10200986862182618,0.001546932070601548,0.0,0.0,1.0,4,rf,0,0.2,255,600,31,4,"{'bagging_fraction': 1.0, 'bagging_freq': 4, 'boosting_type': 'rf', 'early_stopping_rounds': 0, 'learning_rate': 0.2, 'max_bin': 255, 'n_estimators': 600, 'num_leaves': 31, 'num_threads': 4}",,,,,,,,109
0.10128083229064941,0.004869446252007688,0.0,0.0,1.0,4,rf,0,0.2,255,600,50,4,"{'bagging_fraction': 1.0, 'bagging_freq': 4, 'boosting_type': 'rf', 'early_stopping_rounds': 0, 'learning_rate': 0.2, 'max_bin': 255, 'n_estimators': 600, 'num_leaves': 50, 'num_threads': 4}",,,,,,,,109
0.09981908798217773,0.0041671045437718665,0.0,0.0,1.0,4,rf,0,0.2,255,800,31,4,"{'bagging_fraction': 1.0, 'bagging_freq': 4, 'boosting_type': 'rf', 'early_stopping_rounds': 0, 'learning_rate': 0.2, 'max_bin': 255, 'n_estimators': 800, 'num_leaves': 31, 'num_threads': 4}",,,,,,,,109
0.1023940086364746,0.0025336975685460697,0.0,0.0,1.0,4,rf,0,0.2,255,800,50,4,"{'bagging_fraction': 1.0, 'bagging_freq': 4, 'boosting_type': 'rf', 'early_stopping_rounds': 0, 'learning_rate': 0.2, 'max_bin': 255, 'n_estimators': 800, 'num_leaves': 50, 'num_threads': 4}",,,,,,,,109
0.10330238342285156,0.001866687259785361,0.0,0.0,1.0,4,rf,0,0.4,255,400,31,4,"{'bagging_fraction': 1.0, 'bagging_freq': 4, 'boosting_type': 'rf', 'early_stopping_rounds': 0, 'learning_rate': 0.4, 'max_bin': 255, 'n_estimators': 400, 'num_leaves': 31, 'num_threads': 4}",,,,,,,,109
0.09862060546875,0.0032452988171540018,0.0,0.0,1.0,4,rf,0,0.4,255,400,50,4,"{'bagging_fraction': 1.0, 'bagging_freq': 4, 'boosting_type': 'rf', 'early_stopping_rounds': 0, 'learning_rate': 0.4, 'max_bin': 255, 'n_estimators': 400, 'num_leaves': 50, 'num_threads': 4}",,,,,,,,109
0.10099706649780274,0.001838100312730874,0.0,0.0,1.0,4,rf,0,0.4,255,600,31,4,"{'bagging_fraction': 1.0, 'bagging_freq': 4, 'boosting_type': 'rf', 'early_stopping_rounds': 0, 'learning_rate': 0.4, 'max_bin': 255, 'n_estimators': 600, 'num_leaves': 31, 'num_threads': 4}",,,,,,,,109
0.10103650093078613,0.0016206678760987364,0.0,0.0,1.0,4,rf,0,0.4,255,600,50,4,"{'bagging_fraction': 1.0, 'bagging_freq': 4, 'boosting_type': 'rf', 'early_stopping_rounds': 0, 'learning_rate': 0.4, 'max_bin': 255, 'n_estimators': 600, 'num_leaves': 50, 'num_threads': 4}",,,,,,,,109
0.10497937202453614,0.0007175233594196332,0.0,0.0,1.0,4,rf,0,0.4,255,800,31,4,"{'bagging_fraction': 1.0, 'bagging_freq': 4, 'boosting_type': 'rf', 'early_stopping_rounds': 0, 'learning_rate': 0.4, 'max_bin': 255, 'n_estimators': 800, 'num_leaves': 31, 'num_threads': 4}",,,,,,,,109
0.10168051719665527,0.0007895023514423661,0.0,0.0,1.0,4,rf,0,0.4,255,800,50,4,"{'bagging_fraction': 1.0, 'bagging_freq': 4, 'boosting_type': 'rf', 'early_stopping_rounds': 0, 'learning_rate': 0.4, 'max_bin': 255, 'n_estimators': 800, 'num_leaves': 50, 'num_threads': 4}",,,,,,,,109
