yVal,yPred
11.561715634377755,-3.687979215664161
14.936101883785932,9.57160208882861
-13.34550692871854,-7.497416126431965
-11.042921835724492,-7.399739615154226
8.496990484098719,2.237199191559598
4.330733340286331,5.137677630672407
-2.3434070875143007,-2.410642503325551
-0.4315964337213933,-1.9752117731901442
-3.3429284735381803,-2.6013542127649547
0.8754687373538999,4.4582392983624475
8.366370301681654,8.224328738288655
3.4892082589848687,15.42664032316512
11.918390573078392,6.491695808422192
16.5011901707122,12.020155725207557
0.0953101798043249,-2.5248003819691136
4.21499385660191,11.399387077584137
5.075173815233827,11.672706719071916
4.50387546783651,12.227013793736118
4.941642422609304,14.09837424836758
8.242756345714477,8.707838984544193
9.210340371976184,9.25362601801544
8.66561319653451,13.563474173741035
25.328436022934504,23.745584931973895
16.523560759066484,11.806812887589288
10.645424897265505,14.471014274513674
14.648419680899378,7.441214047257386
-5.047558648200853,-9.39486846338854
-0.4780358009429998,6.634375019426711
4.499724481516616,6.718322725479098
7.795646536334594,13.915441885801744
22.18188085964593,24.533924330312566
-0.0943106794712412,10.206354856375288
7.461065514354283,22.056647169735058
-2.723163838912259,-7.314800135839662
-0.1392620673335076,-3.0938849197364977
1.9485851395046163,-2.019639695223296
2.2874714551839976,-1.8790360674550952
9.798127036878302,0.20067618438957688
7.313220387090301,6.734577231812133
4.934473933130692,13.642553573498647
1.099948994878163,4.770969056513505
3.367295829986474,2.425528642468486
10.298161309566073,9.589586627494826
5.986452005284438,17.746237281064044
10.34177151530392,6.193490567867886
4.169761201506855,6.941650581712285
4.651099117876491,6.809182503448066
3.5930291284571023,5.23220279123737
-7.255737951676955,-8.772667505662783
-7.1782962148338685,-9.067441919487072
-7.308303921310605,-8.635161877306302
-6.857062164666619,-9.30504172825081
-6.974964028675587,-9.416291121175734
-6.393435765961891,-9.30504172825081
-6.875772233129086,-9.39371743259392
-6.963267988912396,-9.391606982219049
-7.0251217347533705,-9.399960023739046
-7.011407852294876,-9.3981241436055
-7.568919413689032,-8.707330450849062
5.142598791548616,12.688713571156871
10.200717647203035,13.907089893004892
2.418143433628318,-2.0864414512347818
1.55814461804655,-2.732023213045944
1.3686394258811698,-2.9348582141303208
-0.4888467170472153,-2.849966638832822
0.4054651081081644,-2.8791831376787633
1.681991105115809,-2.9963636196831467
1.4469189829363254,-2.197625350703414
1.9459101490553128,-2.402252604731922
-0.7968424168987104,-5.850745552180048
1.7329189692051217,-2.658274743237224
11.608235644774552,7.596115248159599
3.205790585319545,4.68810183500209
-7.824046010856292,-10.43720099990777
-8.111728083308073,-11.376074505005343
-8.201166645955436,-11.683050666847379
-8.117502297801634,-11.064260815461138
-8.055032739631843,-11.2347034663181
-7.657120139540452,-11.688075103750231
-7.902007552326004,-11.36258671645359
-7.86226722367649,-11.36258671645359
-7.717436275798034,-12.026856210861133
-7.853033547729618,-11.969641010432465
-7.986564940354067,-11.4441496285806
-7.634804011217833,-11.62530128389614
-0.3945251680698301,1.6009967039093866
12.388394202324127,22.15281537862582
23.025850929940457,20.922584972067504
0.9987919533858988,-3.983438191588327
4.605170185988092,10.728519405302224
1.667706820558076,-2.611892016452238
2.772588722239781,18.058045382818207
10.505519492219117,13.613911920568459
8.496990484098719,14.97564481906786
-7.174981342866536,-8.85534268040971
2.833213344056216,22.723821577747497
0.4844816484263887,-2.1861388232588452
-0.6254885320861304,-2.1861388232588452
-0.9852836033611068,-0.9389317488426596
-0.647536669307893,-1.1411351039812156
-2.622943414471653,-10.310940261877677
1.7578579175523736,8.225744297755025
17.067950099670615,12.249023079561209
17.4264284706085,17.30654940323806
14.603968766813033,18.235336173443233
8.826367639206115,13.308938548311117
7.617431761493293,12.278382824737287
13.60915037468441,11.621758784440557
13.609133473098504,11.714799105029963
-11.72840614353887,-10.870169159408327
-8.474912261659739,-11.832797723990744
-9.515055576984205,-10.700067826060476
-5.613028111387737,-9.070527124321622
-2.120263536200091,-7.0105152878154735
9.305650551780507,18.581141608041253
-2.9504857957970403,-3.168266785446406
-3.138134060892168,-3.654788416139028
-0.4155154439616658,-2.4518632034926706
2.9454910571172443,0.8804134715680415
-4.879607031689852,-0.5846657718178723
-4.427024000604617,-3.0385819107796403
-4.767689115485866,-3.440056070306797
3.790420183668897,9.650553167816405
3.49650756146648,16.699745011597383
-8.294049640102028,-10.004709389480018
-0.7434234484346809,2.1790948700749064
-1.0770465107535492,1.9983368606713632
-10.802618664127456,-11.501560901721586
-13.20574498634338,-11.259260499896989
-13.083142664251048,-11.476029676728071
-13.296716764549108,-11.527225921778097
-13.450867444376364,-11.818372502950139
-13.553146293496782,-11.672317353393574
-13.437074122244027,-11.896922257821783
-13.49342705879516,-11.833541874933257
-13.3580857109254,-11.780153360099199
-1.7147984280919266,-1.0510240218242106
-1.017954385650655,-1.4481984809844872
-1.862181933524601,-1.347413189137658
-1.1352762730397012,-2.5303316502642126
-3.324236340526028,-2.6726927048431923
-1.448169764837978,-1.8085535002924504
-5.589338340265359,-10.454820324606729
-0.8835009090511643,-0.2693982765415536
6.032286541628237,8.896692985462398
18.420680743952367,12.557182686127474
0.2851789422336624,-2.4628273399573684
-3.3524072174927237,-7.176056911442662
24.05547763709504,10.9864450067161
-13.979711573645034,4.756415525256768
-11.20203747209056,1.02238419044314
9.179881164491476,1.4432371893677822
-2.900422093749666,-5.528573377274305
-3.723975249649508,-1.5818112054171793
-3.575550768806933,-7.952692375569377
3.646754527813265,11.693914513717711
13.34550692871854,9.323597014182457
8.556413904569519,7.852780710694464
5.075173815233827,7.237811401741508
-3.170085660698769,-8.035068177187425
-3.141400512699911,-7.921121346953391
-2.843297350510237,-8.058351189270354
12.86099861326992,3.5646210746738167
1.916922612182061,0.7279040174482304
1.4525891516131768,0.6738559290429649
-3.6337484170114873,-6.3020833643770064
10.261165213585986,10.228075983352783
9.798127036878302,-1.8652507023225127
7.579934153105886,-2.127909516356904
6.013443453826757,-0.9456544185570436
5.755038731320827,-1.621121993224178
8.612503371220562,10.400025369583416
4.971795460779992,-1.2204232812318665
5.181783550292085,-1.0848434534633287
20.524814898222573,15.749090468721121
-4.338967145213434,4.301470593300456
-3.7999125943835006,-7.585699099589904
-3.919418707389279,-7.673377786164326
18.708362816404147,27.657452064691604
7.949797216161852,12.633698715985803
7.090076835776092,2.83896805491942
21.82187812561452,9.699508013865673
1.308332819650179,4.344531258750103
2.015569465085425,14.609203452779356
6.803449762172823,18.57573969688721
0.371563556432483,0.3875678727496707
19.195177470208638,19.946298367157375
-0.7985076962177716,0.9032579046013985
7.937374696163295,8.918557484946266
13.541073712262516,14.566443579574473
1.88706964903238,21.147618370699654
15.64005985001532,12.983929329694183
5.491001710377538,11.575499232363281
12.75419405403986,19.60413766226294
3.95780866057728,2.3942295910421865
4.791649752930709,-0.5699201273600212
-0.941608539858445,-2.86953194220264
-1.4888305860159552,-2.501772248157983
0.5176026080450141,-1.0468940464148127
1.0205786725290091,1.9521958293536086
7.090076835776092,7.5031423906539825
3.80666248977032,6.249388185428601
5.075173815233827,6.299137235253046
5.923720895021463,6.0186969591857595
8.675335892513033,12.702134394597596
2.1162555148025524,9.896880371643952
11.552163677970386,12.300498755991269
-7.836624793063152,-9.780923237440202
-7.156857869466442,-9.206365693363379
-7.5055922797379395,-9.859637970292548
-5.472670753692815,-11.465278499577234
-7.314649979900024,-10.236248143412586
3.56953269648137,4.9342695424601315
9.20532783015264,17.993808806642615
16.588099280204055,16.409654759211683
1.6486586255873816,-3.57535742260134
1.589235205116581,-2.1927624612840497
1.88706964903238,-2.794367637374096
2.128231705849268,-2.567629757982346
8.669055540725484,16.675733949455648
8.1886891244442,9.913011014534737
5.484381909620826,1.2653725565883531
2.772588722239781,16.988126147120436
-3.601868077124309,-3.414786603791263
2.234306252240751,7.741607589355663
11.751942365440728,16.802726138437787
7.003065458786462,12.257765349025634
1.0761394328160512,4.132405341121603
6.709304340258298,7.617215550153439
-4.8241557271536415,-3.0484498372989637
-2.80226930967462,-3.370589052720112
-3.170085660698769,-3.1591441089189782
2.159484249353372,0.9338763764537537
-3.065235479320965,-0.7286368163992143
-3.863232841258714,-2.9024687059956285
-4.3428059215206005,-2.9185073680688993
-0.4124897230451288,2.3393137688392147
-10.422562797319722,-11.62327456117352
-1.7917594692280554,-1.3575428899609134
7.064759027791802,3.8362876712222347
-9.019100369674982,-0.6529799483723092
-1.8262473996867288,4.959606163103799
8.070906088787819,2.1983782476894786
11.32514905749331,10.704716023638579
6.441875136467562,9.723866256106174
11.097410021008562,13.276050466804845
0.4054651081081644,0.27834986495082037
-5.021443492812875,4.65607840520633
6.689599269178967,-1.9792208819880248
-0.4284778824172373,-3.5837067157840603
-9.55283068092296,-3.3715833538630093
1.0195690813276568,-2.8492469678664247
0.5716070960258497,1.8405718391483221
-3.4919071252364398,-7.203816454959622
-2.4116305506382982,-7.77051012127605
11.668218349376264,6.702081029678466
14.346143809013943,12.195572800754581
-2.65926003693278,4.233249160401016
0.295154087290482,-1.2341010638312637
9.498022444427964,5.433371570135176
1.0076415686628812,0.6308870706620421
11.630708500626612,7.447062875669519
-2.565249402470539,-6.941683377306533
4.554718642491993,-1.47204558419625
3.8106913998385776,-2.5297460222780583
22.03159865659659,12.384618777616064
5.665791538350635,9.605944415093585
23.942141661814613,19.171257631017372
2.621442782914277,-3.2834840262159375
4.189654742026425,-1.2659089495820046
11.856952425995551,6.771885686947254
18.51599092375669,14.46008147021808
8.199659287127266,7.550049688108581
10.126631103850338,2.9604976615769387
-3.3955703857970256,-7.766835327107366
-4.01276457522968,-7.689220557095065
-3.0347041287860868,-7.6874486960841075
-3.5153846172361707,-7.861627239638895
-3.4900285953687717,-7.836918727196618
-3.183133376091245,-7.871699066052828
-3.3261612689356124,-7.838836944719545
-3.038639774565268,-7.838836944719545
10.373491181781864,27.43601143221145
6.675823221634848,-0.7480605766218441
9.24924052093374,2.943166589650965
14.008194901793775,6.07571352193642
13.399995114002609,6.417665476939138
20.17853866150474,19.99102498239741
14.73180128983843,5.9590555761578266
-0.3566749439387324,19.340759497159315
11.418614785498988,8.552489105413503
5.994709277272871,2.46554238263502
19.644456175574483,29.476591316456418
10.363756452684967,6.634266321679328
13.289063553295328,22.191887146220786
2.723486009232049,5.032172242239133
4.8060681283549815,3.2759805235851065
19.296149481306266,0.5539087337255282
5.19295685089021,11.984047208974141
17.281246460764002,10.418566785242291
8.410720946905721,27.122075337570358
27.382559756630048,17.89412495710799
4.357922664588985,10.80854150665316
3.218875824868201,15.341431903743661
18.683045008419857,17.80111146690268
9.282963313446034,12.298901164269802
8.904018995305464,10.002907360423691
3.3919884425768454,3.315718386984713
5.768320995793772,17.285602573548328
4.605170185988092,19.43387259196056
-0.2484613592984996,-2.7604444371480996
6.152732694704104,0.9432681619060184
4.313480092138772,6.504876342235494
-7.378759408561616,-9.093796559979378
-8.016417903503749,-8.660439167988846
-7.452482454423982,-9.985178108242463
-5.288367035694868,-10.260603281868862
-7.706262975199909,-9.611086017089477
-7.236259345954173,-10.115223243127353
-7.641724454062337,-9.783344291655322
11.22257931367628,8.75532575056404
8.565983355585669,22.235297349491873
1.547562508716013,-3.557654655195587
10.545341438708522,1.4595829198737993
5.3471075307174685,9.406907562083882
7.244262514990864,11.977775124974377
24.67450955552784,22.587515946693454
14.603990418075425,18.620254175984865
-5.496768305271875,-3.5231868877818466
-4.431216878864662,-3.7603213546638585
2.4915511925066687,6.282075319572347
3.946215070456293,9.329455143384704
-11.959212567598648,-10.36622292333408
-11.421258276444403,-11.685693181620826
-4.990832666800076,-3.2754853092851386
1.148213411399695,-1.1427132532405968
2.0455399900041544,0.9648882885427198
-4.605170185988091,-3.0362731028786154
-4.245167451956687,-3.064668198702158
-8.568486485803788,-10.431252880204774
-12.152847884292877,-9.655091506804084
-10.56668765672812,-11.836426811320305
-12.803909646285794,-11.54077339518463
-14.144014624936313,-10.626455504509595
-1.2257466038754965,-1.8677430949572402
-5.982174500200903,-9.08739598047919
1.175573329804238,2.673664952192117
-1.2657941314920025,6.93311225816547
-7.516561311108331,-10.64885443401099
-3.2968373663379125,-2.781996782136929
-2.419118909249997,-0.7169813610296657
-3.4265151896464454,-7.491507753195857
-2.402258109478112,-8.966335492655217
2.226423732028482,10.257573535253798
2.8707357833793057,4.496050261866659
-1.54966070839824,-4.8449341186474015
8.318742252692399,-2.3178180375777613
-0.1081421586197031,-1.7394869244694378
0.1906203596086498,-1.5377218898190599
0.6931471805599453,1.2773266697823797
0.3585481883204127,1.6625257326818506
-1.23271527319159,-2.406699917736348
-1.1249562640077118,-2.5688874873177183
-1.993630885266725,-2.197353935670283
-0.9325330379755776,-2.3118964214355313
-1.8018098050815563,-2.4193590393586972
-1.101416216000844,-2.376911655733447
-1.1257779567408792,-2.464847448809653
-0.8659145245490882,-2.274931748801167
-0.9132398350408988,-2.2960236571857826
-1.4163412824721873,-2.5680992055128034
-1.0216512475319814,-2.3302853284848326
-0.8672360524274236,-2.4264097600861603
-6.319968614080018,-3.015048229586567
-5.952243833954701,-2.4847630239596517
-6.074846156047033,-2.8817814369223225
-5.44914025628262,-3.012642241716309
-9.797777098114016,-1.2385435516671508
0.4780072291062574,-2.5579681392628535
0.8785888646901436,0.3131650657734686
-0.0618754037180875,0.25557521750038775
0.5007752879124892,0.30732631739303157
-1.419276795083809,-2.335390936774473
-2.115275994689052,-2.143603278388295
-1.8855208490425293,-2.143603278388295
-1.3783261914707137,-2.143603278388295
-1.3397925274684712,-2.307821826581422
-1.7372712839439852,-2.1026537802177687
-2.5088715272418325,-2.40026534147591
-1.1301029557594804,-2.1794289147520094
-2.282782465697866,-2.1794289147520094
-1.290620611051608,-2.143603278388295
-1.363554874150401,-1.8525058945765662
-1.3933189760568552,-2.1710415557773137
-1.483907189986891,-2.143603278388295
-1.7613184437268197,-2.1755780543024152
-1.632621247889758,-2.1755780543024152
-1.7567785003328094,-2.3076132134115426
-2.213353959266104,-2.0555006642756695
-1.7987840841650191,-2.147454138837889
-1.625567294363984,-2.115687976093648
-1.068965229068051,-2.143603278388295
-1.2896627407532706,-2.147454138837889
-4.017383521085972,-1.672126646914346
-3.912023005428146,-1.6395095283459618
-5.683979847360021,-1.5135560927445972
-4.268697949366879,-1.7166850418182507
-5.298317366548036,-1.6847102659041298
-4.9062752787720125,-1.7327947346193961
-5.083205986931091,-1.7002679218082695
-5.149897361429764,-1.5965636320522951
-0.4136232958096281,-4.811740451289123
1.0915876737311452,-0.3897156891545943
-0.157489581092773,-0.6899653079447261
-0.3199101483222346,-0.9255387184276114
0.8943858964861051,-1.010562339108918
-3.235682943184583,-2.414483240450015
-2.871746293773,-2.2696351809679856
-2.458403829922002,-2.3005710492947746
-2.124760813294987,-2.2122558019965917
-2.778606794565344,-1.8232794888234973
-1.916799542832328,-1.8542153571502855
-2.131692232023714,-2.3718141209628127
-1.853634872946143,-2.492719714086358
-2.8967923256990877,-2.407568874071616
-1.811776664996949,-2.417627910358808
-3.980204517844223,-2.430698627015127
-1.9532094515369247,-2.4259560600800247
-2.893175685228899,-2.4695557213566324
-2.126952524350888,-2.455921036896901
-2.538077303398233,-2.3240061283221105
-1.762006511078707,-2.3056189423137017
-2.048115154748379,-1.8693936971782652
-1.5154922995915725,-2.3240061283221105
-2.4163138583223884,-2.224929377839871
-1.90436841361071,-2.225060195213921
-1.984131361875511,-1.8360838820408267
-1.8067808178035771,-2.268596273380654
-2.318714474923929,-1.7747168901931147
-1.3789877859374526,-2.4480139109582435
-1.7584455901981222,-2.455921036896901
-1.9477117710019412,-2.25586524616666
-2.026849091560665,-2.4695557213566324
-1.6114399151047734,-1.867019750367615
-1.5981133887028682,-2.3097112824344395
-2.073145613223021,-2.5680374307416862
-2.09557092360972,-2.438371492124352
-3.473768074496991,-1.994498906821884
-4.017383521085972,-1.8486299959726848
-3.540459448995663,-2.1608390209501382
-4.605170185988091,-1.9023809427842324
-4.62537289330561,-1.9104721335119013
-5.298317366548036,-1.9890987703462393
-4.3428059215206005,-2.2740324436355723
-4.268697949366879,-1.810325883164903
-4.605170185988091,-1.7732913124232976
-2.7806208939370456,-1.9462529332830476
-4.199705077879927,-1.9165468551826261
-3.506557897319982,-1.8919128770043936
-3.575550768806933,-1.9430021556274422
-4.135166556742356,-1.8925719118379136
-4.422848629194137,-1.8486299959726848
-4.7914997641795845,-1.7780690347107466
2.8080765151693345,-0.3077515589894052
0.3633796895411375,-1.317853165287722
-2.491327217590924,-3.786640194472528
-2.252064824586832,-3.7005383319887692
-3.1543373037306317,-3.852576528922231
-2.6512403328457026,-3.705608299809323
-2.843869924244745,-3.8507321303643853
-2.482908647125327,-3.794968344193745
-3.665162927496621,-3.8548657275646123
-2.58038284337185,-3.786640194472528
-3.380806692014424,-3.8548657275646123
-2.430418464503931,-3.7880539778153457
-2.385966701933097,-3.798344345224038
-3.2138882833571616,-3.8919864013180745
-3.577934560162211,-3.856710126122458
-2.5174298414935614,-3.7305942075962473
-2.0492356996227703,-3.727486457463169
-3.146555163288575,-3.8548657275646123
-2.081844426296147,-3.8507321303643853
-2.8967923256990877,-3.880938437739449
-2.633075257937712,-3.794968344193745
-2.4281483159693926,-3.778988505981535
-2.650725134482941,-3.7282946876314473
-2.9603651297166995,-3.8768807419281623
-2.463424760972101,-3.4808707165057204
-2.5876040480263427,-3.8507321303643853
-2.356220308826678,-3.8548657275646123
-2.7417104025948453,-3.761547315675064
-2.95535837941572,-3.8300183528745406
-2.688247573806032,-3.798344345224038
-2.768938250469779,-3.6991245486459516
-1.8990265631564631,-3.6975560284386204
-2.406557683377024,-3.7880539778153457
-2.163613977073705,-3.8302446193893616
-1.9071703207393829,-3.735814607184386
-2.0505301981854163,-3.7005383319887692
-2.893832284070612,-3.5683863623322982
-2.501036031717885,-3.626072169838042
-4.199705077879927,-3.542394887747007
-4.3428059215206005,-3.630548804569671
-3.863232841258714,-3.6248183982373474
-4.017383521085972,-3.633712837112051
-3.816712825623821,-3.388315500971134
-4.135166556742356,-3.6644752847760804
-4.509860006183766,-3.674114822289893
-4.509860006183766,-3.5966312163613057
-4.422848629194137,-3.7913970716958034
-2.9565115604007097,-3.351097692877097
-3.2441936328524905,-3.649693955161109
-5.339139361068292,-3.6593487096593247
-3.4112477175156566,-3.6829746634806293
-3.2968373663379125,-3.6617138397559366
-2.488914671185539,-3.2982829954928197
-4.3428059215206005,-3.5761829035849857
-4.199705077879927,-3.377364430447689
-2.7333680090865,-3.3181392513836023
-4.199705077879927,-3.634071104241249
-3.324236340526028,-3.664499418455794
-3.170085660698769,-3.352115215762977
-5.0206856299497575,-3.6877424854186907
-4.605170185988091,-3.507914648087339
-3.581956591555873,-0.9915855456565593
26.78705104563402,20.010237375606394
-0.6766178786087346,-0.6276361258115813
-1.469675970058942,-5.636007963449143
-0.25489224962879,-0.03557192561377876
-0.7057259627668057,-0.03557192561377876
-1.2769418241925272,0.024042016964652278
2.091864061678393,9.246486203840437
-2.917097149468186,-5.484274724207708
-2.7332718598628323,-5.482256715611802
-2.7554038974856807,-5.507340214377235
-2.826974512766374,-5.501493249621292
-2.729886895711385,-5.5516466073493005
-2.545931351625775,-5.449696675591387
-2.768331131987141,-5.5516466073493005
-3.18689277901515,-5.568865132762884
-3.885502795618751,-5.46691520100497
-2.987764103904814,-5.372992632936233
-2.477931036051576,-5.505322205781329
-2.406359565496237,-5.505322205781329
-3.009155293886133,-5.449696675591387
-2.5182566294695543,-5.366331541391225
-2.5876040480263427,-5.366331541391225
-2.982487046803972,-5.472924556098241
-3.6419958682150857,-5.549628598753395
-2.556891004288829,-5.472924556098241
-2.764620552590606,-5.366331541391225
-3.286619476954721,-5.358310884184493
-3.252777376543884,-5.53696485859756
-3.160606916744225,-5.5516466073493005
-2.7094797939118056,-5.394971573864253
-2.4441486573158326,-5.44101609728905
-2.3503757568303945,-5.366331541391225
-1.8002161792462787,-5.482256715611802
-3.174061809078409,-5.328686239964168
-2.447610865044304,-5.366078266557834
-2.5814175501688448,-5.359417175012826
-2.3597435068339947,-5.382324792449794
-2.7124886077011428,-5.323448836225444
-4.605170185988091,-5.3410556131569145
-4.017383521085972,-5.352943758132099
-1.867561182644337,-5.268222514530609
-3.324236340526028,-5.027419150136688
-3.270169119255751,-5.209437244548953
-3.963316299815697,-5.215185357556216
-4.199705077879927,-5.13908808994803
-4.199705077879927,-5.13908808994803
-4.074541934925921,-5.366050213095701
-3.688879454113936,-5.3559754131792845
-4.721704002244043,-5.241938514322796
-3.772261063052988,-5.0401010335525775
-3.649658740960655,-5.363693960551408
-4.135166556742356,-5.305662196447111
-2.900422093749666,-5.227784297006924
-4.605170185988091,-5.3054910445285834
-2.8473122684357177,-5.509199845449359
-3.123565645063876,-5.467681530622039
-3.079113882493042,-5.49651796203347
-5.0206856299497575,-5.427149289332689
-4.677740878822926,-5.601631427838691
-4.699480865459333,-5.125872263536933
-3.1941832122778293,-5.258707108320052
8.503770171084097,7.3221967845687965
9.769956159911606,8.257407340372866
2.772588722239781,5.823805394929281
4.095344062555184,8.498796369299175
-2.539281610712959,-5.817624637780285
-2.8900860844190053,-5.929013243468097
-3.093712681914196,-5.929013243468097
-3.026044216477651,-5.738463820462161
-2.853075973152469,-5.75961406586239
-3.5355454341932355,-5.885923702257491
-2.97322555584139,-5.885923702257491
-3.009155293886133,-5.885923702257491
-3.0779636491244866,-5.829210126040984
-3.086908154219861,-5.9454051222678315
-3.495508061133398,-5.886473742699522
-3.287868696355153,-5.928167371711808
-2.941665052283717,-5.926892408991789
-3.887330392837775,-5.894832988002085
-2.7085048498938566,-5.904007324569803
-3.1543373037306317,-5.928717412153839
-3.1402326975490893,-5.738463820462161
-4.699480865459333,-5.705881835375962
-1.8325814637483104,-5.640868716433271
-1.8325814637483104,-5.622311126328434
-3.506557897319982,-5.640868716433271
-1.8325814637483104,-5.634384965269899
-1.8971199848858813,-5.640868716433271
-1.5141277326297755,-5.716282995337586
-1.1394342831883648,-5.66737122232973
-3.170085660698769,-5.647066848685789
-0.7985076962177716,-5.749269252397417
-4.268697949366879,-5.661696386274895
-1.5141277326297755,-5.705881835375962
-4.721704002244043,-5.6931999519600724
-1.0788096613719298,-5.7301036178181555
-1.272965675812887,-5.682465251412901
-3.506557897319982,-5.682465251412901
6.855830206117218,0.37072183206011733
4.382026634673881,5.217407306440336
-1.0680830836332869,-0.7532720211731565
-1.1113176611656637,-0.7433937791259608
-1.850040685120079,-7.838927475012719
-2.2405497020745933,-4.405150206535518
-3.1976736172175992,-5.992989630103912
-3.3751120111864807,-5.949327962506731
-3.246026813934152,-5.949327962506731
-3.4265151896464454,-6.049131079933844
-3.274823898800734,-5.981125273440036
-2.7169357144594195,-5.990878211014367
-2.72401022068094,-5.941111143923394
-2.9095545773129405,-5.943173867441143
-3.4163110194722046,-6.095282787359381
-2.739798899416791,-5.937463605842855
-3.0078048547882603,-5.949327962506731
-1.4271163556401458,-5.662008097071653
-2.995732273553991,-5.698146708516114
-2.2072749131897207,-5.698595434459693
-1.5606477482646683,-5.698130310940933
-2.0402208285265546,-5.74818908532651
-3.4420193761824103,-5.7299913095143875
-2.7333680090865,-5.7041113268559265
-2.538307426515116,-5.7029185511109555
-1.6607312068216509,-5.696778068323228
9.38835265718204,5.327476949655229
4.127134385045092,8.139808059382132
14.346138809026444,20.18059906376912
11.0035155053454,-0.31242381691441024
-2.3873263214491365,-7.369583948298629
-1.3392199537339615,-1.2053093025626944
5.521460917862246,9.481556527691254
-1.1670440930928303,-7.282638818213655
-1.8186169233979377,-6.3465564027778445
-3.170085660698771,-7.328290712334409
-3.1358789052972345,-7.276186974331569
-3.602177648846212,-7.300355089743951
9.960182896212672,17.448231392224063
1.5686159179138457,-1.164339661592402
8.254528881939745,11.724918757283232
-1.903808973036678,-5.713871051795082
-2.7806208939370456,-5.780630810947781
-3.473768074496991,-5.780630810947781
-9.45656065462037,-0.9771731483695493
11.289781913656018,8.57082333826247
3.4719405722982875,-2.4969433620686075
13.710150042306449,11.583946176092848
12.72635342806692,9.78245906279391
20.37143627800416,14.725126832665241
2.2082744135228043,1.0289903321562786
2.631888840136646,1.12729152215138
5.817607068726157,-1.5013735672080852
0.3364722366212127,-1.6052246731575341
0.999651007252314,1.5524126364130348
-1.0067626350382306,-2.210719360677789
-0.4240364936935996,-2.653208879363957
-0.5623695761320437,-2.3582902121702713
-7.5810998322459024,-3.2067928158241537
-2.0788263463359185,-7.313201908164671
15.937772096827038,10.058243162669008
13.337474757021274,7.487059214743486
2.752750380020117,-2.3497228406792443
3.311928913903973,2.73059670108784
19.06253463012476,19.059287772024863
7.8948150817444995,-0.3555286413388585
-4.135166556742356,-6.383596485438818
-1.4693993284858535,-5.780678162026529
13.009418618388194,8.25506665775385
18.410630408098864,25.28779500870064
14.28551418721001,25.925660285508933
9.711519618690367,24.197071837372697
3.218875824868201,22.472582089709324
14.151982794585487,6.345850228649196
-3.83970234384852,-6.993149854359573
-3.4112477175156566,-6.968265177859903
-3.575550768806937,-10.123991289236468
-2.577021938695806,18.710430403337885
12.154779351142624,5.942820439787347
-0.1990161390698723,18.439683247121035
-0.9364934391916744,18.40382285830833
19.755681810684703,15.129705874662589
5.075173815233827,8.937072749448292
4.619566066271823,4.500140692447799
16.951004773893423,20.65740571169387
11.33857207782545,14.896099456029738
-0.7133498878774648,-3.1044837400174514
0.0953101798043249,-3.0468488885612746
4.890349128221754,-0.7284460199736288
2.3238533124518352,11.103562620343949
6.145625512596628,20.240681935346476
-7.019485242925459,-9.363235756083029
-1.0924314295930289,-4.498435611935537
-2.8788385220824915,-2.8062638080524978
5.560681631015528,6.7995180060868305
7.7313457555673715,10.252381950310948
11.542484267211773,20.201034416528064
-1.7147984280919266,11.124658896511995
6.637694807880176,22.105800931520225
-1.9661128563728327,-2.4831037363958215
2.975529566236472,0.399205934480637
-5.1201711811645625,0.105945705892711
-9.310624903378534,-12.051076043024691
-2.128631785870608,-1.750308869894897
-3.2441936328524905,20.09638891746087
15.604332383204987,12.936363483946293
9.615805480084347,18.697596637095284
2.694627180770069,-2.125303606616983
16.710814576683774,9.021568324608005
1.9459101490553128,-2.0900488563814594
4.176692303570854,-2.0614389894868324
5.709764546333749,-3.444255853360186
3.41224721784874,-3.5498787964621585
4.166665223801727,1.6386540269454644
-1.2743697222494266,-4.357972288871379
-1.2201445313258013,-4.402202723034756
-0.0123486590899775,-3.3725480674403143
15.68892681615092,10.995333245351363
3.4011973816621555,4.7185479601131295
7.538628040057579,5.844248119981512
6.872252445939482,6.743333487466778
3.49650756146648,0.23789947168333786
-2.4135166537013277,-4.96659896670653
-3.280751228586288,-5.666147896517787
-2.061601623551505,-5.334453442982483
18.197538005137822,8.975019242090681
3.8501476017100575,15.493289621829783
12.301382825334498,7.283014458752562
0.5690945318899664,0.08699976814539957
6.492239835020471,8.61500959747495
24.97176107899577,12.11865584189908
15.687476183045945,12.590009492608425
7.438383530044307,13.809733871387683
-2.8302178350764176,-4.8114424582557564
8.532081803909987,11.960333008433304
3.2250964366812567,-4.436493534573783
13.9108207377686,7.852384476626893
12.429216196844385,9.228661728312353
3.295836866004329,11.383133623216867
5.84354441703136,5.32414747417148
6.953365790234189,1.744262369663031
5.752572638825633,5.487894362271906
25.04075395048272,27.708650025389485
5.010635294096256,7.617435935087642
8.700292223675579,2.6160362887718875
8.22282213081366,10.921735414050021
4.499809670330265,9.624590781921459
-3.484578990601209,19.230441705636334
11.982929094215963,5.089764286419215
12.254862809699606,13.775253305237491
16.300417207752275,11.415470692841657
9.615805480084347,30.327099906870988
4.116323468940876,10.795691138352794
8.410772855087574,11.688077864796082
19.83166771766263,24.846088246245028
12.726848600149332,19.873536809391396
0.262364264467491,-3.3233931869762854
3.311637304949512,10.673452968000095
16.677712096036384,22.70360208288857
10.51867319162636,16.177007005217497
3.58351893845611,10.809036378487743
18.420680743952367,22.305121483135633
8.920794741956914,4.533407529565584
10.51867319162636,3.3314997095114216
-0.5621189181535413,-2.6441385213660022
-0.1984509387238383,-2.897533520006316
19.20913810431664,22.902095698904155
1.8025345423960133,14.579676414695085
6.057954288376815,3.95678621005538
-6.904427488889496,-10.248574432313701
1.264126727145683,-3.471599064715932
1.1314021114911006,-1.960323918907713
15.573368475516649,14.237442279987384
2.995732273553991,10.370506184723839
7.003065458786462,13.587981512830646
3.422523901709972,0.4173866752963902
-10.00866626653906,-11.717628272513455
-1.3649243353836986,-1.784090230731825
0.0212721352755397,-7.834873444057932
11.918390573078392,1.4618486637702386
-17.42742897094208,0.11788653291412463
5.772997543677674,-3.781373533389882
12.0435537160324,13.205086943933805
10.680516217076775,10.338066792519113
7.179536601902241,10.907920960510868
7.824046010856292,18.336593386011785
6.236649115013352,5.865187264947825
9.95227771670556,9.936948458713832
9.104979856318357,14.734957956036926
-1.0847093834991182,-3.6263457354800344
-1.7263329496207125,-3.6476635903987904
17.553180176247643,3.625418496067501
8.216088098632316,5.648215463241688
8.122341890381845,5.795743366582967
7.649692623711514,10.545381535749984
14.328334184392938,10.684777831339732
12.100712129872347,14.8855157202563
8.862200330487287,14.20434578498796
7.138539168436869,13.326285859603411
0.1835215940369068,-3.0754642300257347
8.081740046101237,3.932273089400056
7.903448513642405,11.190557797205487
7.24422751560335,9.499229317070935
16.829524695196277,11.641676489898918
10.819778284410283,9.364644420893557
12.082019996860195,9.229463684085877
2.772588722239781,0.5466908709702861
12.89921982609012,15.396111682947964
16.454567887579532,17.752166772401264
12.706423601002143,6.723360687705617
5.480638923341991,4.657843085088359
7.438383530044307,9.071109645134648
3.574216545793796,9.908615048013356
10.48192509471214,10.649728585992282
15.91964471223448,8.553784778723129
-1.3688474475161698,-4.033977192188329
-1.7719568419318752,-4.120999190458649
-1.186132886197605,-4.156157359755613
-3.4577677331505496,-4.289004177031497
15.945689866004535,15.760173759473942
15.761420707019589,23.475526363758537
11.407564949312402,12.30849862844302
13.785051350479566,18.63722523160178
10.024598378285186,5.491206854716796
10.858998997563564,3.485974203198717
5.545177444479562,8.059737126390745
12.51493507224692,22.062090008252586
10.085809109330082,10.85610692769199
22.42801392918484,31.417290781435327
7.755137421531785,13.41031581542803
19.06253463012476,26.721221080357225
4.700480365792417,-1.8083604492826102
12.429216196844385,4.9357217550968295
2.6299685322973785,7.9045927547677035
0.85015092936961,-3.772637572420329
19.925868635012662,29.091234135769383
4.941642422609304,7.238773488751827
8.85366542803745,0.057471817776028424
0.0,-2.652213491827117
9.680344001221918,16.607659465795265
9.554284623436097,18.13351847870469
-1.6607312068216509,12.217792217901334
2.9483785771705207,1.3652406694387538
21.75288525412757,17.718792614194047
-8.103429280493378,-11.821736366381815
-5.843044541989709,-1.5643952205682925
1.7776605448485534,-2.3895773501664492
1.9021075263969205,-0.9338960010415579
2.5649493574615367,-0.6327470331900665
3.970291913552122,7.994488484455588
10.07733266052894,7.053836858494522
-3.218875824868201,1.1820631482596233
-0.342490308946776,1.9304922299795315
-5.703782474656211,1.0179159622389229
-5.318520073865556,-0.5857648896948074
-9.482717935945992,-11.330148872607344
-1.7885645783315358,-1.5372557178026403
-2.9759296462578115,-9.421591472612764
6.907755278982137,-0.025044627894903887
-0.2389271822730755,-3.3913028079876266
-0.1488437986097545,-3.513496852096663
20.818576016750736,13.376416098589884
7.602201615273702,20.74455071344757
12.971540487669746,20.122595300999873
7.916151059711669,4.993306846746408
7.90100705199242,11.095293771404531
4.61512051684126,-0.29021006982750064
9.852194258148575,8.580885779552506
23.613637594842576,19.116246893995942
-0.2700604711019614,-4.598881096313488
-2.132842318406951,-4.260535967941779
4.941642422609304,10.979164313247038
15.144175806247528,16.39373558486921
10.221941283654663,12.369072019875233
13.017002861746503,11.885754807414898
3.4011973816621555,2.946974097920779
2.4379897300002487,2.3725444888267067
6.0867747269123065,5.637531124409881
-1.285544458019748,-10.226316655862298
15.277028340321753,19.63227690788711
15.60729229777767,14.546997576831659
7.97728198675515,10.934043666779635
12.377974480074052,4.625161377697861
6.448097941790546,5.669718415600049
6.622536835968329,8.463511822081632
17.918980027963375,19.524923674985317
12.971540487669746,28.69644749285595
-4.3428059215206005,-11.186006302118555
9.472704636443671,27.84285030019323
7.804740859798287,20.44545414618888
3.1780538303479458,9.03406403840172
3.6051095710484775,10.899961506754671
4.441474093317302,8.787496705034782
5.393627546352362,5.779790715189516
-7.721263816213266,-9.939074585808987
2.9445705494580587,3.2993306957431936
15.341566861459324,16.280337477547427
-9.50741883349712,-11.63336989398932
-1.2103262782981117,-1.2103794906584098
-9.610817938573309,-9.798638803218145
-2.131387680703026,6.683180427239644
9.570389151459109,19.17463098145927
19.45055012988873,17.826835398581206
5.68697535633982,3.5292813550356237
4.700480365792417,3.6300181588750657
0.3074846997479607,-3.0860792609079097
-0.5219989243641159,-3.0154638607066286
10.236381967809455,12.326720748866176
8.060434788920523,12.012954382311444
15.91964471223448,12.262810697368216
16.38045991542581,15.766507232892826
11.407564949312402,10.205368438339082
5.0369526024136295,7.588748988416078
7.090076835776092,9.22502306984669
22.481123754498785,21.478381766589685
7.346816336518817,6.456740897144595
18.75715298057358,24.88558859122861
6.045834354173506,7.1650308813237285
15.161923454349296,17.07263347040108
8.50976567558744,8.481228179230168
25.859064273996676,30.425394556422326
13.710150042306449,7.884135435851155
4.787491742782046,7.7539716294047025
25.223075507276675,33.7070347591964
4.406719247264253,-1.2279467065050957
0.3883189492731938,0.24858158391319557
11.46688152646882,20.655157386053364
7.757906208351747,4.1839888325078185
5.652489180268651,3.018896845016751
1.8082887711792652,0.314835544916302
7.148601214409352,6.2039412941679215
-0.9675840262617056,4.103870586875772
-6.2485096500978905,2.45591037498317
-7.77525584668686,-0.11795641071805339
-2.8647040111475888,-0.8620564657149747
18.890684373198106,11.597095210838118
4.565805462465814,-2.710141272003294
2.0103928650643788,-2.6330955979857458
2.635001496785997,-2.529280414171408
1.6576837107762623,-2.588952327551355
0.4133506023821547,-3.387830596588649
0.5495654520819212,-3.5202772615002647
-0.2281560931377539,-3.4096486156062227
9.7723539115776,3.546725862773655
1.0986122886681098,9.628161969577686
14.83300319294116,-0.14668184574155282
4.718073557647781,-3.3228017038925723
7.286191714702382,13.898056318713138
10.757902880692196,2.912418650101732
18.874942365416157,4.719349720120776
11.22644267309393,19.01650514149951
15.009433026436708,17.646515238331848
12.506177237980513,11.616101534954263
-2.8473122684357177,-8.379566125693982
5.135798437050262,7.68444394356525
-1.5141277326297755,-0.6096659971624127
6.709304340258298,15.125748968524878
8.787220328629298,17.374115032719914
6.152732694704104,21.253238212348666
8.935903526274423,18.473109568777957
8.216088098632316,6.832889116653854
2.3978952727983707,8.336670013219587
18.410630408098864,16.26768817382953
-1.2535132498860722,0.8579100048621384
-2.718100536955712,-0.0997773252623039
4.960510906913688,6.017837042004092
13.805460222110773,14.550273605526124
10.637851209798,4.447470625326895
-7.963487692020547,-13.56405650063464
-1.335031067182349,-0.057538502656381676
-4.605170185988091,0.32428078516780595
13.617059619240436,16.610286003096054
21.35196458564396,7.970284591165966
6.366470447731438,9.813931678954097
18.064005800013632,15.324521946375176
1.6486586255873816,-2.0779909581643055
0.7884573603642703,-2.0841064142184185
1.6486586255873816,-1.9576468051682727
1.6486586255873816,-1.915695358131885
1.6486586255873816,-1.885353333014018
16.418204317474434,20.680394011014478
7.241843724248074,2.3794102974265177
2.772588722239781,20.73438977217087
4.59511985013459,9.44340014210488
5.330300412401088,12.450366660282514
7.313220387090301,9.30618195664165
3.8910036382040714,12.466025844275778
1.589235205116581,8.193960108586774
3.990834185852436,3.810237303980983
5.075173815233827,6.8994540009773795
-1.5606477482646683,12.720245110007362
5.598421958998375,4.565694146742086
11.608235644774552,10.962869478575614
-9.40271226462364,-10.762299091056997
-1.4696759700589417,4.559127070303802
-6.776727016575733,2.881038749614336
2.9497835232873904,-1.808050782150878
1.7561322915849038,-2.0768872938279337
2.9553054215428864,-2.1228112536703043
3.8918202981106265,-2.095814667496783
3.027230940613362,-1.7375218517531514
1.4350845252893227,-1.8211462569973451
25.423746202738823,15.497942171912948
8.022896869601457,2.3704482945570624
23.121161109744783,11.3016683015957
6.92933906417242,-1.8765174341304667
10.404262840448617,15.368080502610795
7.696212639346407,8.897723213070423
16.38045991542581,17.37603488988748
4.776318442183921,4.820753198290217
10.799575577092764,7.638809966303696
5.420534999272286,9.563581071141972
3.6635616461296463,10.00628840378242
21.41641301750636,22.375567966790978
9.680344001221918,9.668198509125034
12.0435537160324,4.993915346205274
2.4568990248010967,9.495454073866599
2.336986519711378,9.996157581778037
1.144063551572027,3.8152853195927934
0.8118187102774439,7.502486016215197
10.16585181700362,15.96879569557707
-5.366946232864352,-13.692683137819555
-1.7092582477163114,-0.021876968815595626
18.424174633206626,20.413048380630094
15.150511624696614,16.742105306282944
8.556413904569519,2.585273259369076
0.3293037471426003,-4.8362778726336915
16.012735135300492,24.7235291406503
5.19295685089021,10.629687247766238
4.867534450455582,9.923738846380573
21.917287189418552,16.99587235391333
19.87929576665188,16.885474452609472
15.911686298635276,20.949952606933856
5.135798437050262,9.040043214474796
9.472704636443671,6.475121118019374
5.91350300563827,21.839749674252168
5.135798437050262,17.516362349918303
2.494385393742544,-2.2475365908593785
3.0703209742950515,-2.090501082742514
7.326246291545332,-1.5711098090977604
3.728100167267218,-1.329091203456418
4.436751534363128,-1.8691543331138798
6.662877235521921,-1.8691543331138798
9.615805480084347,25.031018900435853
18.75715298057358,24.13035706179142
5.304696973512076,11.122743219012674
9.74488252235949,13.046848283249442
28.32416829648849,23.004987674232016
3.80666248977032,2.171589262798014
26.636768842584683,13.713871344100031
4.333361462692601,9.79345692296716
13.9108207377686,8.570857632842799
6.633318433280377,10.686642978528466
14.77102200299171,15.053863597769572
4.941642422609304,18.067288433397934
21.598734574300316,13.304682391348413
3.1354942159291497,9.61359351798529
0.3553407209255955,9.163620782358985
20.985630101413904,21.331334696984133
-1.6607312068216509,3.901519251695193
17.281246460764002,14.142947045953841
1.252762968495368,7.364187793547505
-2.353878387381596,4.4063862514568175
-8.254828926948747,2.02901063392235
-5.083205986931091,0.045971779040952426
17.21812360376759,9.847674037117836
10.747207591575448,10.095732908779107
-3.101092789211817,19.867775418958797
11.238488619268468,6.327251978663073
27.620970780075048,15.12537743869266
-4.017383521085972,7.219538036695768
13.997832114758229,11.717182981642498
6.551080335043404,-1.286675411099004
10.27513041616854,18.65018038455987
4.941642422609304,9.043815630648055
2.302585092994046,8.144836288278551
3.4681080869447825,6.875209299387622
2.721571705473528,8.824203253232039
-5.683979847360021,1.1647746329044992
-7.264430222920869,-11.42422637999924
13.710153375634226,11.881656804460198
12.607655226374114,8.361731072753807
-18.0152156358442,-12.872946396349377
2.419656764579883,5.857541171138944
2.329227023940467,8.43448272090791
5.994213203588311,5.984882584511349
-2.120263536200091,4.300317092202902
3.768922546487399,-12.975258068400276
22.78949548465401,11.92727802637343
3.5263605246161616,9.284392865148419
6.034284544290911,8.881332020961466
3.258096538021482,15.752383037012281
24.91292057897284,9.687363824028944
-2.7806208939370456,-0.5842667538787074
2.6882944298511258,6.698822384694803
-1.6194882482876023,7.726299983601336
-1.6094379124341005,13.91771081500367
-9.431236450749914,-8.5559251024251
-10.51413351158433,-8.52023363409156
-8.971673489010568,-8.601437489165276
4.295607627653058,0.7146714040622895
-9.506054616125228,-9.530633100592555
-8.7927584931344,-9.407862502680246
1.0941289200405604,-1.117808507355002
-6.95998133908756,-9.651875797926891
-7.448794681344722,-7.4607247654182975
-7.572453843370851,-7.82714478640025
-5.840420729398844,-6.577093708076586
-10.349774655164548,-9.616790052589753
-11.142347615862503,-8.5555675482132
-10.811479481595589,-9.103421276879695
-12.081939444549064,-8.848472772407275
-6.724101276954404,-7.643049459148882
-3.609452320482617,-6.24245923071471
-4.645992180508347,-8.890896632482509
-6.032286541628237,-9.747279594169909
7.21081845347222,4.504773807612658
-0.8201544471075246,-4.0806760487937686
1.029619417181158,-0.7194563894109404
-7.622466637457991,-11.080080161535916
-5.584476789295684,-9.129617857406034
-6.446720319719216,-9.82806491293298
-6.246968189031938,-9.82806491293298
-7.684284068481133,-7.259346187271037
6.581269376166338,6.271089195497996
-3.7944420103826144,-7.5074237617696635
-5.296097609809726,-7.5699166088983105
-8.00908554371751,-7.719410349437273
-0.0943106794712412,-0.815544503351246
-10.4311202946185,-10.403556994852787
5.386709733975708,5.052483878606596
-9.09611922788616,-6.500609270419442
-5.360192770266124,-9.344327966683531
11.094805131227153,5.465893838129415
15.29078391033268,10.891162826310124
-7.2446275956246895,-9.251904694789422
7.308207845266757,5.892123455239265
-7.224871883619573,-9.893488196058298
-7.668111209235533,-9.579683256571688
-2.898968605121683,0.7971623351125483
-6.945212841517087,-10.474522856665427
-4.487920625937861,-7.648955843111497
1.0761394328160512,3.0949639581626065
7.783224016336037,8.095720373161072
-7.80228451907478,-9.426581547867874
6.924514062797091,6.741604354002921
-9.40879131070002,-9.573417196853343
-0.22218812552588,0.017164169231598202
6.394743934935623,5.733892668836903
5.480638923341991,5.183720952417507
-0.6020884496129785,-2.7843058490426897
1.88706964903238,7.099956667053806
-0.9075787912721338,-2.0317036804279174
-8.475756001552249,-10.348746833605402
-4.879607031689852,-9.955876653838162
-4.072256965758101,-6.84942643190437
-4.570768759270759,-7.26157660709278
-6.222841903349296,-10.429360464146834
-4.90930261613885,-6.520341431770492
-3.4401461318007303,-7.472262267518105
1.824818073130476,3.1575164264473967
7.824046010856292,7.842040393192275
-6.640374034831174,-8.65651370639924
6.0867747269123065,7.9293796562751435
1.8195514865577136,8.36824853174817
10.6689553946757,7.88922709354006
21.159906804849328,7.833080227368133
16.300417207752275,15.588938197140802
-2.852642541086159,-0.6283515853699638
-1.9278246815089293,-3.7968382857030947
4.091514474342087,1.4070530554514218
-2.6798793241355146,1.086894362294608
6.253828811575473,5.920386836318454
3.411624313261243,2.8036085695297928
10.54191452089584,9.794214361540563
-6.527518014394212,-8.66739744380089
-6.5551285178900445,-8.712171890166163
3.045051398328192,1.7231745162090653
-7.799353398266165,-7.9113497399957815
0.8263660243461681,1.706247782879603
-6.520227871560663,-8.995241556202977
2.3236940562042805,0.5542956359541735
5.247024072160486,12.200750507807108
8.007034012193408,2.0560459553924413
5.889985378158128,3.878454261398158
-1.6921404041993433,0.8586833751804227
5.521460917862246,7.758773933902137
7.238855971801439,8.15248181532494
0.4054651081081644,-2.697360604327501
-9.609475556389478,-10.707014014190582
18.04961706256153,8.856027853416633
1.6160824551527688,4.097389731442925
0.486039898732682,-0.8579542630465454
-3.738069698304712,-5.568686967262429
8.015529634109274,7.723914138976756
10.659628358371329,3.0660074311952132
0.9162907318741552,7.492678980483968
1.9315214116032136,7.835313165421631
9.846988249166236,0.6575958380726699
4.248495242049359,1.9968683056417167
-5.625188780096209,-8.70139695718077
-4.187967778652843,-7.2818178401383165
-4.170608703392291,-6.881580364971496
-4.809737351729366,-6.367760859706733
0.005865119452398,-2.240533926771018
-0.4465103418301502,0.019984037365468714
10.477287975463508,9.86647511924924
15.573368475516649,17.399948867250707
0.5877866649021191,3.265576011480224
-0.2744368457017603,3.264929951256456
8.669055540725484,11.510959096244543
7.244331081668771,4.267213623431111
3.1780538303479458,-0.2193621811738707
8.001013258888321,8.964264290705247
-7.327411515609875,-8.377761454638817
-7.986564940354067,-8.663667294076003
0.9555114450274363,-0.061247082726013036
-6.678102347482428,-9.102898066261217
6.399418998672561,-2.68873924539528
6.039778407386533,6.388207954438559
-4.838895846632839,-7.99977715163824
4.963529710224345,4.261283342451051
4.1280272865380185,4.905428753383722
-9.54069800759754,-8.314058462435685
1.1546249846955967,1.4172143431642452
21.31429446323034,10.887378580571385
2.468099531471619,7.206499271238159
0.9162907318741552,5.34743297272175
20.572442947211822,-15.496509222132923
2.67014062802899,7.314600238951077
11.982929094215963,16.76809806523028
-5.896760611638697,-6.650021506752621
3.2213018796160817,4.127336604419645
-11.105240600123752,-8.868009900384244
-9.11024249793877,-7.954291951675054
-1.9310215365615624,-1.5442306348834787
8.064636475774222,14.829433506844445
-9.79508167869234,-9.084696444774703
-0.987249820814649,-1.4455897838693073
5.410529357154965,1.9055362128040998
-4.406319327242934,-5.724318433295887
-1.8578992717326,-2.591310867214559
22.90346496704948,24.287625498599485
-1.0569906139772902,-1.3889802553458495
-7.062948168387839,-7.552646077603519
-5.740653949432127,-9.512176036856305
-6.592944539142104,-9.39900222967076
-5.539084046991011,-8.831424224004875
-4.834583350315897,-8.836518260911017
-5.176099733823787,-8.836518260911017
-4.559104819144851,-7.167091463967952
18.574832423779124,6.066790748900291
7.949209153810298,-1.4834674390569336
2.0014800002101243,1.9126569126645352
-1.169370109619598,-2.9862388656942174
4.770607579895343,0.7056305185141819
12.132963684687947,7.028579206156535
-3.324236340526028,1.4016124195275237
17.928650338664358,11.687873826734945
-5.7763531674910364,-9.343508331217464
-2.5921737437164087,-5.213139664100789
-6.373213128598869,-8.707507029836359
-6.303439312128807,-9.106722756498474
-3.80637681629316,-5.520216576573092
-0.160403521493024,-0.5350002147997532
-1.4775328415541618,0.30573956038549216
-1.229948290729197,-2.0582450915505346
6.684194974171585,21.85477470054213
9.186457431512853,1.8227903249811939
9.012702111070334,6.066449945523462
-8.193701666268067,-10.395022425194062
-8.96608785745226,-11.179406609782502
-4.224453247569123,-6.949680695039924
-3.2441936328524905,-7.6841860336362835
13.541073712262516,20.776552815027234
-5.885304351279592,-9.725467348016867
-5.458486118700858,-8.200648477036774
-4.831095380264188,-6.9429801453900275
3.112403580357684,3.6260955568081727
-4.0455543980526745,-4.792067297045723
-2.453407982728629,4.294382035228946
12.84792653170257,10.7530033950089
3.367295829986474,1.7780268330071747
21.18220851883272,18.972613255286618
13.102160670086809,22.528477150785356
1.140873247382619,-0.37950893160965804
-2.207611670222707,-3.1999288181574923
-1.1929229681393512,-7.330978453091313
-1.473000330205808,-4.561222605342332
-5.682510339380661,-7.188986772054234
3.78911818011941,1.3345089309887768
-0.0250614305953712,-0.20139801056730605
-3.088046944378517,-0.9080714873319163
-2.495462163727517,-0.4000127445681516
4.021176319324669,5.670637582613573
0.9932517730102834,2.1240950090344044
-1.763172012376143,2.785207804429179
6.62273632394984,12.383015027788149
-6.891881929825847,-8.540901397289376
-6.969630682700225,-11.15041270114454
2.1041341542702074,1.877733695993908
-7.232478623114368,-8.694815040819476
-7.336233161399375,-11.813155930502743
-6.744786450703997,-8.884992130385822
-6.653113060608557,-9.958075216880529
1.136550128008502,-2.1382740541025926
5.072043922224899,3.9876888057482818
4.725616339063959,1.9457512437531848
-2.146069863979148,0.5579867531984587
4.367335919263878,8.020466142422816
-2.5870343015481074,0.281354419596662
-4.007733265253814,2.152157275722639
-0.780507048017391,1.3157972165884309
-10.366657442203298,-13.049942802873568
1.9315214116032136,2.9630564539355166
14.403297222866392,23.360175675476754
0.2051774080769678,-0.39029555718859366
-0.0014422159642473,-1.5099728340641982
-4.261580481598014,-6.037495410637936
-1.803464065177583,0.59019069653462
3.704793812928007,2.3024178534106268
8.620766656704845,6.83950153384754
14.702781595585389,19.05100074896444
2.585957893857728,6.041836491683801
-4.814410832133309,-7.479366074516901
-6.104260041253341,-11.172881800785115
-5.354406833199086,-6.282994605523232
-0.0901982679181488,-2.3301634702594503
-0.4597704529657067,-3.4997287838157307
-1.666008263922495,-3.270635835111904
4.499809670330265,9.298669545807993
2.028148247292285,4.424343378120327
6.593729231190754,7.312696048647124
3.662670640327485,3.899514266422894
-2.501036031717884,5.467698874904681
-6.0370199487675125,-6.060522072162619
-18.0152156358442,-8.233083953548464
-7.914187073595641,-6.623804080559575
-10.496816822059223,-12.587422111099341
-10.97682203401997,-12.61512591823852
1.1700022847547826,2.9899715327127905
14.50865773852422,18.336670102828656
-0.0056682078944596,-0.936219233214252
-4.773983392757262,-7.013145195395728
-4.383027135007465,-7.845437546428886
-0.2561026592984582,-0.23047559486204217
-4.636422729492205,-8.189476848701634
-0.3248874265018474,-1.4547578485181194
3.3228199533076803,0.4106671537221837
6.540308238061494,4.553136943701837
0.8981267612464839,-1.066954752772711
-1.8971199848858813,-0.5422367282897599
1.354975677862463,0.20954573766518447
9.291518698326936,6.513277019122339
8.556413904569519,12.71119037645631
-0.371063681390832,4.791153478853133
9.4236580291391,12.346844626355965
22.14677826623844,24.093372875245144
-5.059720501786752,-9.146762480879797
-3.41749615463166,-6.866694184829483
-6.6388192493514335,-12.20192118279956
-4.647481384059823,-7.055755877757892
-0.4857795918399032,-2.698331822872127
-1.2772606000957685,-0.46922540858087153
-0.3485448178554821,-2.068657033336995
-1.5065805269943928,-3.609374849769836
-2.302585092994045,-3.103113360722216
5.081404364984463,7.996796187913405
5.4510384535657,4.895256140036259
12.0629718018895,12.683971355528609
6.1092475827643655,3.5715820909454004
4.406719247264253,0.12619315408699283
18.31532022829454,13.704469453091145
-7.666615002907464,-11.272213420530683
20.71321550109291,18.230949036031845
-1.7147984280919266,2.7160094407826856
-1.971125398196377,-3.7763318504930843
10.59687303803253,4.592780240524137
-9.864266839382848,-6.746615949558891
10.968198289528557,12.64156722123662
-5.746168191152639,-6.750870833336119
2.302585092994046,-1.8184939235003144
7.4567433638424765,1.6797468334045171
-5.22994006910331,-8.53240968731624
17.71478599056992,10.092309646271808
-5.24781438437493,-8.794553451195986
-3.7469323855625536,-10.681626398842516
-8.221728978522401,-7.922899591864287
-1.775886120071765,-1.142315235337264
0.4411182113411703,-2.011332938536428
-2.584948003968227,-2.395116706752631
7.856513200993794,3.8406735869914352
-0.4998856837276563,-3.212083616210589
-7.731499386415638,-7.293679874240428
-7.963113105408572,-9.754764599684847
-4.85043154255592,-7.450731884762791
-3.815955536681916,-8.676056550809324
-4.863293456198328,-8.676056550809324
6.833085610645107,-2.193680925036898
5.0238805208462765,1.8581209243445866
-0.6784556318169557,-2.4584503950017593
-0.9524361785105084,-2.6560472810742044
-4.747886488189686,-9.449133624409699
-2.3927833609121945,-3.5158861540143342
3.8255309740747023,1.5188829060632465
3.713572066704308,3.0886504508632004
3.9889840465642745,3.0886504508632004
3.3214324131932926,0.6641183604795468
2.026765713084777,1.5491938113438064
-2.210309816884876,-1.5076347921519175
-3.292791507818369,-3.585633682356909
12.581078546153629,9.147436303272096
4.714472920878541,-0.5379557719118492
7.80340783458627,6.9007011642678675
2.9141606198601795,6.100758475788624
2.25265928422432,2.678307944232621
5.264691638898376,0.694622330030874
2.1020413735970767,12.609084937942459
16.460159368928103,11.679611148958633
19.20913810431664,20.51540805929124
-6.698034748000095,-9.802209750153065
-7.5616817463888015,-9.772416924761956
1.7422540493242158,9.798548167689708
1.5040773967762742,2.1192180107854393
-3.826500831989988,-7.554431272311404
-1.924148657273801,0.788530433725085
-6.032286541628237,-1.028846546516728
-1.65164976124341,-1.8291817420102214
-1.866483015423992,-1.3428113670036754
4.382026634673881,3.9249989973390234
8.794824928014517,3.72425135367547
-9.883684925239947,-10.175401368643989
-9.136589606470732,-11.158206760956192
-9.103056706756508,-11.158206760956192
-9.12552275755016,-10.63396801052842
-9.509645284255956,-11.972887115246765
-3.459886378010836,-7.15424138254247
-6.470217450986036,-11.114974497401013
-4.5511029647178205,-7.213117560073616
-1.4811179926413638,-6.34731637686075
-1.84516024595517,-3.4043970731615354
4.718498871295094,3.465237742911141
6.173786103901937,9.10641009731275
2.341613479961524,11.463815882824491
5.376666332959013,21.64105488292534
9.305650551780507,25.051818614486955
1.0024684281152074,0.05465457949268026
-2.480608209027786,-4.064830602443554
-1.9337839692574728,-7.260634505269678
-1.8633697448936424,-4.153233997270607
-5.033187698566767,-8.551292263033176
-2.892795746014603,-2.9428508050794537
3.410518880549939,0.9710012063284346
-3.239397460588997,-0.6913841960911452
0.8658639350341664,-0.7269075918775582
3.194824183282606,0.05735313603298865
-2.858873090836794,-1.1102268981532666
-2.66038849294871,-2.720198600151498
-3.3442770914094755,-2.4676700123538704
10.576687095286378,6.702192726266595
0.7419373447293773,3.7131218315553065
-4.645992180508347,-6.236386690271026
0.8988054175331355,-2.606301346275032
-7.053832575840126,-10.116056007329158
-7.127155844017512,-9.062996606619453
-7.758088043064559,-11.39000139378295
-7.390007530304114,-10.050371699343449
-6.06141025335021,-8.61108436168404
-7.58843504717303,-12.645586198427276
-7.235442686047642,-10.014443770768573
1.4008750444349187,-0.6774202470048482
2.091864061678393,-0.17539713130512113
4.006553660702936,0.6990761034016999
5.198497031265826,1.6865234209434947
-1.929872771357689,1.32787944258488
4.605170185988092,8.041572227176893
-4.305739221047235,2.1911364122360717
-4.321044429739088,2.182844967643455
14.557447902693651,23.736883663649724
-0.8424208833076995,5.707735955985928
-4.605170185988091,9.817984896985346
-4.961845129926823,7.152636989052048
-5.2977461011797535,-5.593053691069086
-8.021227430557474,-11.307469103321383
-9.0893877615589,-12.083230100850722
-9.371291903033946,-12.523201872193077
-9.257270728199517,-12.523201872193077
-9.308295425688245,-12.129997000668698
-9.260371305581748,-12.182535089420076
-10.268290678925403,-10.075727020694389
-9.668927070173382,-11.942621011219146
7.783224016336037,11.82794385752323
1.7044450160124351,2.3434105769009914
2.583997552432231,3.6435907084371033
11.96339125328935,10.72747739025272
24.21977339841289,18.63943677858894
11.886785233663062,-1.0774476673621227
-2.674978160042017,-3.774888094663995
-2.24940895688136,-8.745935605648235
-2.030651377510404,-3.982409836876848
-2.230226835221941,-4.370109816457467
-2.273633271044278,-4.151962955379816
0.0082988028146948,-2.4279390054863415
-3.081122587554123,-3.7419829018131057
2.958926823122229,1.282712311844212
-3.2986407933370643,-0.29813392982452114
-2.989087730835323,-0.4256792760255103
-3.0981342071720728,-1.9468220792041246
-3.239542461676762,-2.171025084945324
2.920469789053444,1.2309488980827368
-3.2307034373005385,-1.8344938436527654
5.729016945834743,4.047816504791482
-3.5948688196516976,-0.7252441974796326
2.075266170269356,0.9874019014310476
5.097831839126411,4.425228625577415
-2.0480290109743664,1.6595361690952661
1.791759469228055,5.406003394951933
-7.223712129902097,-10.880817811919368
-7.309892596997759,-10.048575989778888
-7.506602891243762,-10.485704922223622
-7.772877724281892,-11.324085412353412
0.7537718023763802,-2.8940303856350154
1.2771070883134374,-0.22584991353027759
4.867534450455582,1.0756608618370773
2.169869693886852,1.4943826159526055
-3.283414346005772,0.859068359664712
4.700480365792417,8.564684164055933
-4.4677297768668565,1.3636329056330467
-4.339514640436531,2.0227312801440505
-10.508497553278715,-12.756213156247796
-11.015185080752891,-12.480148163555763
-11.484921268560631,-13.521066597386138
11.577464198607776,3.4569316559701644
0.5306282510621704,3.7231038486009793
4.941642422609304,0.5454399638017274
6.745236349484363,-3.5823787775079525
9.604575998132798,20.05788878335827
19.162618088681743,24.674271823267794
-0.2590483396564093,-1.4933711924393298
-4.819263901782392,-9.296732038960588
-0.3652833184753326,-1.7206182244159451
-0.941608539858445,-1.5253360822556803
-0.6304485863443814,-2.051510708425046
-4.793222417491041,-10.196627605479852
-0.4620354595965588,-1.4590555819424291
-4.230164285364635,-11.179633349647176
-0.4410922857513155,-1.3404011293965932
-5.0142131154441465,-7.044287401301846
-0.9458912016504458,-1.4029835194224813
-4.4178610876830975,-10.645684463873403
-2.2474657937729665,-1.1059165149085313
0.7387576918119976,-1.567959053366361
3.229321082729739,0.7439493800013071
7.239454236850692,5.955205188709701
9.299518150622232,7.603607050299501
13.337474757021274,11.765419424822326
24.114547715415576,24.996325987889435
25.930688824674263,25.80475446375147
-5.198060762808392,-10.355606006537695
-0.5696661237889241,-2.8385647561524348
-2.27951982006305,-1.40478768082119
-1.8325814637483104,-1.2927640524940054
-2.2072749131897207,-7.1044733869956165
-1.7147984280919266,-2.856323894257492
-2.120263536200091,-4.79042304038071
9.57983281962553,18.315440779701834
11.759264573887627,13.696690112394812
-0.3011050927839216,-3.7064867029032826
1.2178757094949273,-3.5620753692702194
0.8394096875381973,-3.6691156457154928
20.009915949068947,16.215861083923482
0.9776742813184254,-2.1097311930694844
3.27080391772856,4.958257065679966
0.0471080779864472,-3.5130661799972205
20.29289053007772,16.652665848013335
-6.513014134237015,-8.815253937454159
2.2925347571405443,9.713571089196739
3.135928904047274,-2.5499353582229722
10.6689553946757,-0.5626880828206178
8.268731832117737,0.6510364545048868
11.572608467131404,16.26151830091615
4.569071865815612,0.6078123726343433
9.77943490386615,7.346902167290817
15.78262291467019,10.49620395996634
16.835935444108635,11.004179329339383
-5.128574591960942,-8.722101688695778
3.347562165829524,6.824355901810031
-7.786598123290883,-10.222568295313158
-7.789765364379459,-9.201328152948719
-7.927424365310364,-10.29553693078741
-8.446424120528341,-10.857610979175314
13.897477566828265,16.30936899819086
11.941674280348485,25.118734340703913
1.091923300517313,-0.7112438414694636
-0.2060784534568991,-2.7748061967827957
-2.3950659457882115,-1.7019587546589845
-2.735737678441819,-1.5598760257923407
2.611049704628355,1.3407201137785854
-2.855180129636332,-1.0592400440671774
-5.203007186743712,-4.149004720697103
3.465014488797055,1.6025627209254658
6.016157159698354,3.7840923358310947
7.090076835776092,10.549436390427623
3.246490991901174,4.624779004263774
16.634982866102906,11.771765818234122
12.254862809699606,17.683310837309698
-2.0446261219944715,-1.4897611247630067
7.084645445778885,22.317096345325687
7.304347808586703,1.9426166656103776
-2.779331403107174,-3.0086338374501564
-1.0700248318161971,4.829116119598567
0.0014988761237359,-2.217848489098629
7.313220387090301,4.327956745576315
-0.2002263497538848,3.9594558025897157
-2.2018899889184937,-5.147813301268399
-7.883957571743936,-10.99696823671316
-7.588765880355913,-9.846697969503547
-7.772669907397745,-10.33428142403539
-8.221418949067244,-11.31638581054343
-8.783287738076812,-11.045217018034606
-8.294049640102028,-10.485450569840474
8.794824928014517,14.80696548298808
6.497277629050428,-1.822106117943922
18.86963096400027,14.793076347221769
-1.7147984280919266,-3.5928792391206903
-1.6793240398982667,-3.873885451990203
0.0264100683935027,-2.3348422343534088
2.3516926671010734,1.2084944720397601
-3.2901033341565684,-2.6487846632339824
-2.900422093749666,-0.3698244712753722
2.808800104202353,4.217036651661832
6.603040073974116,9.824890571214322
1.6956156086751528,8.625748021270306
4.0329123227036,7.581571350746909
5.010635294096256,9.319784912677049
16.728042415401934,11.761724628099998
13.244581010128575,14.368737538771759
-4.961845129926823,-10.601709350726617
-5.744604469176456,-10.434398821009651
0.0831149067105068,-1.0447266372687882
8.374092347775564,27.281748003453327
6.063785208687608,3.0448397928058895
11.20730569183178,5.68601991204889
3.349904087274605,2.2565166166338275
-8.5325020845234,-11.44859810907602
-9.804030140245358,-12.840586906890739
-9.34796174985223,-12.412073721437192
-9.82380118364736,-12.546598193442632
-9.938361363536622,-11.719634399779551
-9.324434567602763,-11.6821216364604
2.180417459019838,1.9389918867694904
-0.516396668815446,-3.1350885296674704
1.0986122886681098,14.743609989696374
7.632078077010532,-5.775772264230042
3.7612001156935615,3.390430510962236
9.514141826307847,21.37044455604385
-0.5447271754416722,-0.5184970638359685
4.532599493153256,-1.88185306120377
15.869742710691806,3.7440245208556755
8.794824928014517,26.476053026257055
12.388394202324127,8.117707381833897
11.407564949312402,17.646095358983377
-2.9282025408983268,-3.2979868658746034
-2.3491527288103806,-3.836616939072373
-2.555719357991938,-3.8903021462417606
-5.244539660867566,-9.968929329592301
-3.2968373663379125,-3.1227659480128103
-2.6225784702981736,-3.9532153562902077
-6.4864168217176825,-8.545482568542495
-2.5718864067241896,-3.0439985287754596
-2.5774606313986093,-3.912733205346583
1.0884416954637328,-0.6264756882787106
2.780887525054476,1.4829053527940428
-4.233606629555616,-0.7764969190291616
-3.0875102374459487,-0.36368268026639305
-3.3687301915246546,-1.9687570321058954
2.3547461925479287,0.4492963069331989
-1.9470832506631237,-1.9845395585949208
-3.4716198459587035,-1.8661740028736167
-3.3610155920293234,-3.3044751200007156
-3.81217767045843,-3.3253859336796965
-3.963316299815697,-2.812811937768303
-3.5149261469904984,-1.8480359072916699
6.240574881490876,5.76178152932025
-3.556257565872256,-3.3962743726293696
-3.580025049201854,-0.2356370519453164
-3.6306105459899607,-1.8007149191240168
2.631888840136646,9.887230179539348
0.7779477822524105,4.469577331490774
0.4687528473440829,0.4099130427249997
-7.456802115568325,-10.712775892545947
-7.264430222920869,-10.616778637117093
-2.128631785870608,-3.639522838736962
1.316408233655724,-1.1709279298978768
-1.0674043615439166,-8.191907298146221
0.9631743177730056,-1.6702412070612704
5.991464547107982,0.49274951040453013
-4.649407095608418,1.578747741062442
-10.805555583907578,-12.510299105722419
-11.13195545809489,-12.337408739212513
-11.141115633447226,-12.318469029614446
-11.29983224950952,-12.145863631794857
-11.529853655990916,-12.64651633679094
1.1314021114911006,2.7112717519057807
-0.0100503358535014,3.320088946450779
1.0647107369924282,3.172706341915196
-0.1278333715098848,2.7129349903323376
12.765688433465597,18.07466379417886
-0.5221641726500409,-1.2911317869018581
-5.02981811351303,-9.733112459103628
-5.350112039737778,-9.474832822399167
-0.5077999028494539,-0.5518705117299377
-0.8480824818476216,-0.9937830460832996
-4.970041897131009,-10.976445198415862
-1.14570389620196,-1.8628026907033333
-0.8851151144057053,-1.705853470763697
-0.8182982023752914,-1.414509298304484
-5.232864085359634,-11.02268890982363
-4.484921057836521,-11.223087685028837
-4.727965763468024,-10.374412910177698
-0.4700036292457356,-0.7271545716914264
2.8559911642951548,1.6735579308263653
-1.6407565956915278,-0.37892499502146026
-2.494091559365074,-1.0628485396700313
10.714417768752456,8.508823913155586
13.854731271117556,20.456218436788387
6.13880638500591,8.698308314808243
2.690112500415543,2.6706588065116876
11.331403588346838,14.95647078810715
16.454567887579532,25.426480683701424
-5.324866701781573,-8.797146328602619
-5.750874082190052,-10.549614086376007
-0.7158018711247517,-2.4735318266699746
-2.120263536200091,-0.9348515006972892
-1.672732762806414,-0.9463480347431106
-2.855970331178832,-6.477702712591549
-2.0402208285265546,-2.9121652257509383
-2.3884542654048992,-8.458926434583647
-2.028326040874406,-1.4920654822906365
-2.407945608651872,-6.016343173058414
16.523560759066484,13.697970738146294
2.200921439217545,3.3506383527037507
11.407564949312402,13.281965052477373
6.507277712385012,10.5998660540137
16.827772133469477,20.30708426106155
-1.0498221244986778,9.562777946855542
5.899897353582492,13.186639525576146
4.8846940707384086,8.350519372972565
8.101677747454572,2.0423399597358416
8.039157390473237,10.383731758745935
5.501259292176795,9.23637419486707
-11.7840782354708,2.386895093636101
-9.212264444038455,-8.750929341219056
-2.2072749131897207,-0.1172547400336677
-4.478537535054725,-3.3719758562245588
-0.781978394266561,-1.2292896912433149
-4.589871148698928,-7.927353051814811
-4.779126826450423,-7.9662366861651845
-4.958873359537671,-7.863860213076086
2.6485360735698023,-1.2887335650274707
2.501435951739211,-1.69443364420003
2.2564364369680656,-1.2982094808680393
3.367295829986474,7.047579229626722
3.1354942159291497,1.6494519092019728
10.571316925111784,12.769461059834507
-5.77796737284561,-7.013393905388931
-5.721132112991314,-7.073104674621898
-3.709082161431456,-6.9782647094448365
-2.378540925236248,-6.946879152334256
4.61323755706585,1.3695223333933648
7.445417556701687,9.786505695504964
-0.371063681390832,-0.8746312964658305
-0.7174398731289899,-0.97212364466344
-1.0216512475319814,-0.9628734316336651
-0.4205787459182126,-0.7370029248686684
-0.3438997524500093,-1.226076345467149
-5.094016903035312,-8.683536545254698
-5.084047855929889,-8.897028062844669
-4.918556134873382,-8.749914934199191
16.9926717429991,12.738345392453413
0.9162907318741552,-1.9419703112666185
3.7612001156935615,-2.037385636063945
2.78165776796204,-2.1878571755155787
0.9162907318741552,-2.1878571755155787
2.365664216395266,-1.8655229849861825
3.7612001156935615,-2.1344032581296597
0.2788935664187013,-1.458472519460952
3.931335316460519,3.560298131563998
-12.904192167716676,-7.451337054423966
4.605170185988092,3.7151199069654286
6.7912214627261855,11.466247730081975
-4.277786746684761,-8.791863769948414
-4.361570626106502,-8.870471052308005
-4.656463480375642,-8.791425094950393
4.700480365792417,-0.7290409378796057
-4.575611383746547,-8.952489822943368
-1.5141277326297755,-3.8134041203434066
1.4271163556401458,-3.858168960699958
-5.124093019986702,-8.682543986807596
-5.243706999090199,-8.797311635632092
-4.986865981709975,-8.691751798500654
15.573368475516649,12.913751428751144
7.036851852316547,4.473961272220799
0.4700036292457356,-1.6087998442115
2.0120417882612327,-1.0356627058551795
4.162003210695915,-1.572894401710373
1.791759469228055,-1.5533403199139784
1.0647107369924282,-1.3074105656584978
3.044522437723423,-1.5384934415442146
1.985954698586372,-1.9050817384722603
2.3725774648140807,-1.146237488515232
-0.3065251602532606,-2.0544322905940606
-0.4293852918258163,-2.2872301213994377
-0.2867301447263988,-2.011202576385698
2.386006701133118,3.556020250612732
-6.353870165755757,-7.552259530232287
-6.316271752198729,-7.711596925791968
-5.956869902343483,-6.704643653540679
1.1474024528375415,3.450740873745889
3.664842876285695,1.3031196869561654
3.414442608412176,1.3031196869561654
3.692207244206611,3.4903462689042897
5.212214667494625,3.849746820956766
4.894636380233374,3.1162109658515065
6.4444173842835015,12.499483052708973
5.37805233456689,12.531142489040432
7.951315287294464,3.95783309046727
9.615805480084347,5.697306527000157
-5.0697485585887625,-9.084467318324737
4.2508394310655655,-1.6388817134782223
3.5263605246161616,-1.7737857776071158
-5.571144338008917,-9.140845305348996
1.824549292051046,-1.0387516195649247
1.824549292051046,-1.1367669980459407
1.824549292051046,-0.9875546285069283
1.903102056563429,-0.9989633247463224
6.335763219978659,2.433915308297055
3.61660740246394,-1.16419578930919
3.439349147626532,-1.1005369219967978
2.856470206220484,-0.9505663757893406
3.832979798087693,-0.6253442320576121
-5.9302209218672655,-8.300930875251291
-2.6355421152271497,-0.7614237942791299
3.923210194818711,-1.1913653815687328
-4.3844295192902,-8.744047727579694
3.828641396489095,-0.77571039889939
3.4339872044851463,0.4742761910165254
13.815510557964274,14.127764222150729
3.972647627244581,0.44051037829837486
9.680344001221918,8.73326258878434
10.126631103850338,8.471117377531469
-0.351100448239606,-2.6790750518841877
8.87452958321676,3.646310292038182
9.507057971419442,4.707788646704568
6.730248777845951,4.267027429906969
-6.234616803288945,-9.130276173803926
2.3978952727983707,-0.857118409969611
2.207656090532406,-1.3081148830072933
2.113842968397168,-1.318773920989391
2.203731141441354,-1.2407244530973616
0.4700036292457356,-1.1080782248091297
15.03928598958639,12.222370669050214
8.17969820974734,1.220151467898344
7.277785092782671,1.1967051648712208
5.306143802797501,1.741384499173813
15.319587954740548,7.060197492965418
3.077906702531521,-1.3425058117485458
12.011367029536498,4.019562211129689
11.190356133518009,4.441261330569234
9.644878727570054,3.0564558363117875
6.593044534142437,3.69152945158254
14.76388118330184,15.069511581046653
8.268731832117737,7.336713964105424
17.45309671769066,12.109336976740945
-2.982487046803972,-8.737813470658104
0.2043004635127299,-4.609646826727383
0.0054397232958183,-4.58820158373647
2.701830901288293,-4.686134920146146
1.533931056004144,-1.4319899134085479
12.0435537160324,4.513416846184819
12.0435537160324,3.8068899042386724
10.085809109330082,0.3883829715162034
10.51867319162636,1.3983507004182791
10.799575577092764,0.6560870159362969
16.213405830762646,12.2227090752865
-7.323487196589047,-8.501366058393614
8.663887570567042,2.0810327826102517
10.025594559672566,2.501713787971934
6.93537044601511,2.0973213243682443
8.065841200535596,4.343369489559645
7.744101964982187,-0.03255010332976351
11.097410021008562,6.769176309400436
22.547815128997456,17.013369470626877
4.757891273005756,0.37758034271674284
2.6390573296152584,10.022982673070471
3.4458975605800624,10.022982673070471
5.480638923341991,24.670628734836573
21.36511972311881,21.556401454123577
-5.914503505971854,-8.83821715352558
13.270783382522602,18.73327563861725
6.620926175981794,3.925153113498553
-0.843970070294529,2.2701009423824874
-0.843970070294529,2.4902758012989725
-3.951803875439991,-7.104319345624112
3.933063177358879,0.21237799348578215
-0.8776711609091002,3.81309946368057
5.560681631015528,2.618499584340926
9.210340371976184,1.756464127030034
9.472704636443671,1.637504881863121
9.104979856318357,8.8703437235383
19.326981776518423,25.476914219881486
-3.729701448634192,-2.5736768266121857
5.991464547107982,16.70314630440169
-8.52724352726974,-10.826296622172231
-8.109847499773286,-10.041281656698335
-8.306122221336297,-10.770744841276745
-9.38469375912096,-10.483324094090316
-8.707546919907658,-11.188277709227515
-8.257630049228563,-12.084589407823447
13.142338321007886,13.067637099850785
7.696212639346407,14.870104267358533
-2.8788385220824915,-1.5178082518538163
-3.355268449773756,-2.592569403461488
3.737669618283368,9.739506687593485
1.6348271464389197,7.4652142034644084
16.52688854915916,12.588455641216955
15.55392386688276,23.661785704560078
11.70560980879973,16.473388049227495
-8.211158504366624,-11.405588401794086
-9.480400843078144,-12.483194916771257
-9.77446631538949,-11.375513311385266
-10.838961103827057,-11.375513311385266
-9.012412069803036,-12.27468065367734
-11.120883377194204,-11.991120162959831
-9.37068302205136,-11.776821169052353
16.523560759066484,24.25169824737807
-3.253448099512544,-3.339258094034232
-2.6742063433984877,-3.467968698260564
-2.5902671654458267,-3.4953714695443696
-2.7436773787453617,-3.2293027364608844
-3.187411765273664,-3.623918892240508
-2.41300891060842,-3.8406614756640653
0.8544153281560676,-0.29537828489392515
2.9511831036418137,1.1642883499507906
-3.202346522916992,-0.6285351852245097
-3.597668574060552,-2.4823428959135767
-3.598777619416752,-2.2655314935704975
-3.5211076783347157,-3.118942220508604
-3.719702584693583,-2.892246892231666
-4.004138294335951,-2.6026192395576944
-3.863232841258714,-2.8779374091232137
-1.0760327718378686,-2.8848636077996748
1.1474024528375415,-1.0124340679318538
-7.78647930905671,-10.629139165367969
-7.9633080781898,-10.705755600822327
-7.6176417835463806,-10.236881031351185
-0.941608539858445,-8.748924019144487
1.5040773967762742,7.888201039152908
-10.815997561570375,-11.970411095793986
-11.205121123218587,-11.99313383745382
-11.816059641980932,-12.079674461564561
-11.593752794104182,-13.01072975034919
-11.91776576830955,-11.82187246652311
-12.581978951396794,-13.039817555963099
-0.6489222868220881,-1.352673121556353
-1.6094379124341005,-1.3224531488243298
-0.8296544252146084,-1.3324929418455982
-1.8038320504623249,-1.8254263559868589
-0.1431008436406733,-2.6004504053570896
-0.941608539858445,-2.3226419596493906
-5.7086514517677225,-11.820405300654567
-0.7236063880446539,-2.1309848019072875
-1.3093333199837622,-3.008715158506874
-1.5606477482646683,-0.9841141327872811
19.450300161133523,13.507551165797535
-4.9838716568270405,-10.770000312874657
-1.0887857278503743,-2.547729253791828
0.1473418378979278,4.570357255449984
-1.5141277326297755,4.3317200147136345
6.606650186198215,7.935639509332343
-6.400937676613685,-7.3973964754982555
-0.0577468222123241,-0.47955419986285613
6.327936783729195,3.1994475753833647
-2.551046452292545,-1.3826370589236001
-6.983017763482684,-6.754795509570512
9.112176123188952,8.685468614175274
19.755681810684703,18.426175318061183
3.044522437723423,1.5815429325817718
7.117002725104236,11.204927599021621
8.953295268986292,9.446581255192436
-5.035953102080546,-6.819847303664814
-5.7763531674910364,-6.558021752725698
-5.744604469176456,-6.869841959493077
1.7360705633674665,0.29347997795557434
-6.761492772003885,-7.57956416620668
-6.84760135616239,-7.568382070473608
-0.4004775665971252,-0.6000706227216543
10.168156850678836,13.667612977186232
8.779557455883728,14.120916034103363
9.168267595554276,8.114822376062284
11.289781913656018,13.950262091824818
13.253391639810731,9.988027785341036
9.011889433252344,3.859272801442537
12.374413030759069,7.371352124616006
-3.8359883191521487,-8.024221487936511
-4.3428059215206005,-8.532438319270986
-5.381698975487088,-8.522695107998345
1.9810014688665836,-1.314612885254301
3.657560770856509,-1.314612885254301
5.033700567027251,1.5722735801308954
3.218875824868201,1.690111930950184
5.362855887685607,1.569951119815029
-5.781527823281087,-7.241302959192222
-0.834052633637183,-0.47700935489237783
6.22455842927536,10.700609830218271
8.216088098632316,23.12856761140422
3.332204510175204,4.261193633419392
9.011889433252344,10.862680901794299
5.380358076884246,11.584817806823525
9.588776807696428,12.112760194567736
8.131530710604252,12.613879237710487
2.6361960973342264,-2.195924713612074
0.9367402087415644,-3.652327203297478
6.5739594575643325,-4.442437216721904
-5.557088095505398,-8.617264633283803
-5.094016903035312,-8.545047927674803
-5.521460917862246,-8.596508145723874
-2.6087706370103865,-8.441653153751508
-3.392485441060134,-8.568815454772606
-3.816712825623821,-8.433901786278925
-4.733003557497976,-8.311940434858336
1.3217558399823195,-1.2833653380728107
-1.0384583658483626,-1.888757278159042
-1.0216512475319814,3.4463922613699736
3.295836866004329,-0.1825876827407775
4.471638793363569,2.948319241599893
4.110873864173311,1.855841549554725
4.3648663466557895,2.239162005659068
3.4806245152934774,2.1989039701783657
3.605226069116683,3.008366322654909
7.290386670681358,11.098259865332482
-0.44459017366191,-2.5203012814710015
9.017025273707365,1.9569050616746513
9.191157552559408,2.0599964731932285
6.359252512050284,1.8306608128878554
5.438687819395312,0.7624917651023801
14.42164636153459,10.778538564287093
6.66932887080341,10.847007338228897
-4.725456351862601,-8.430421706458056
-5.580301417885199,-8.578198464490411
-5.360192770266124,-8.529114988226242
-3.586322865788844,-8.525083393439123
-4.933674252960127,-8.44378465441746
-4.509860006183766,-8.487076055203206
-3.540459448995663,-8.467099473648382
-5.396297774908248,-8.46574144677045
-5.802498447595392,-8.669474975718806
-4.371416455561869,-8.554428174881064
-3.795828532456901,-8.329610583783493
9.20029003612268,-1.372882997648324
0.989541193613748,8.890888835248688
3.179719109667007,-1.2153861833580553
3.6373837100850426,-1.2604487723578857
-3.101092789211817,-7.8308897402830535
-2.8473122684357177,-7.830368529020908
-2.0402208285265546,-7.757499123423741
0.4230867094579839,-4.257401318294304
0.2043004635127299,-4.299137634757967
9.698920386794851,3.064095347277479
7.090076835776092,0.782350806567707
-0.0265019407455068,-2.5359313407603667
-0.49236953894508,-2.6728763371888826
-0.7182598813750206,-2.5865253818977436
11.097410021008562,5.300146944919765
12.468436909997664,5.280382296903891
10.203592144986466,13.171308942319962
3.611651234431656,3.815803588572399
-0.293029678778376,2.924681828893302
0.167630841383951,2.850540988391001
4.177459468932607,3.0079798415349153
7.6236419465115715,3.6007103758628163
14.50865773852422,17.123110270449633
3.732617193715088,11.609512875614485
-5.930181318691121,-8.280145694661476
-5.381698975487088,-7.466405356187196
-6.448475613099398,-9.13527180462306
1.840549633397487,-0.9183651704428933
1.589235205116581,-0.9496946401992297
1.840549633397487,-1.128908173252734
4.315686491589682,5.955249736967247
16.38045991542581,6.757261222560593
6.633318433280377,7.057280065932273
11.502875129116727,-0.2490522022938323
13.337474757021274,22.651401770622158
20.125428836190792,24.63534151719037
2.6390573296152584,-0.7045521880066377
2.679408625138826,-0.9197218032873514
2.421719871638915,-0.6335249260812211
-3.500741511998542,-6.602314644828139
3.57734334300354,0.30525286118634565
5.527663861986855,0.25255946782892374
2.286963712091089,0.40757583142508497
3.852923886107539,0.024623714291572965
8.1886891244442,6.538499230831696
-3.198256537665466,-8.003369090231878
0.1528927461031425,-4.132468394981651
0.1453982026893568,-4.178815271400561
0.0039920212695374,-4.136714646780971
1.4647974226078344,-1.210219292187296
1.418463644053282,-1.0353351161321518
0.133393883170531,-4.03215887938461
0.3145674012331629,-3.7949339970494864
0.2322354279924278,-4.110643424782472
0.2281974256168886,-3.6926263003188016
1.4851866343067202,-0.9316919522195442
0.0610950993598108,-4.075172244508276
0.145254079319503,-3.9801101139821293
0.4829404202764548,-2.376915284877926
-0.342490308946776,-0.46273971191092717
4.592591403781231,0.5208724679769365
3.062054916485064,0.3714879570282063
3.044522437723423,2.822523697230533
3.044522437723423,2.5920424462144034
-1.3784502070968414,4.440877614860609
11.610734792030197,10.91820317720833
3.3881643344206727,6.580395009655913
8.424979213428298,7.272841664159763
-20.94640938826062,-7.371997895161538
-6.641307709535329,-8.804732389230221
-6.578082664258829,-7.400223547188209
-6.61728298517391,-7.492975589773783
-6.346186512134122,-7.36948907719174
3.968970285869896,5.303124462034468
13.710150042306449,19.663795827358125
5.421523764391626,14.480245261668822
2.717450325614125,-1.6106178410043066
2.128231705849268,-1.5529937016617372
-3.14791267343596,-7.443432856581825
2.507028566875271,-0.9527716953782991
3.259164343782312,-0.9747054760003648
2.3812114134492357,-0.9485254435789803
2.940716890502067,-1.0657671946758043
1.918754842656783,-1.7015631244147764
2.72544194381408,-0.9382806654458472
3.481240089335692,-0.24267521426359412
3.5165082281731497,-0.21362459963773342
-6.16581793425276,-7.191052967021926
3.455264602932431,-0.26471639336585984
-2.120263536200091,-5.672158572817824
3.38974109925113,0.2631899811042255
3.5935692743096115,-0.8568056177949132
-5.8781358618009785,0.6043189542729206
4.826712455935327,2.230732723189365
6.628070770221363,7.778191584386282
11.904967552746252,10.020592243945584
17.034386382832476,21.329787301277303
3.367295829986474,3.894184897328668
1.1314021114911006,-1.3499242495032964
0.0827313975974646,-3.2189406393785305
-0.9027714198819088,-4.399121312918096
0.7383595233814932,-1.4598070189459367
1.6094379124341005,-1.5440527109280986
0.7929925155296614,-1.3730454068727218
1.3609765531356006,-1.6383958282974802
1.263253207577255,-1.5965728091304237
1.3609765531356006,-1.3685307788971097
-0.2133634082094817,-3.8672769727413687
-0.4564235303419888,-3.5032735387321416
2.4849066497880004,-0.6859734426528811
4.382026634673881,0.15535009191860855
-7.875339305243843,-8.829697396494955
-7.22971514943006,-9.6504393305109
4.12552017969055,2.1817241701764347
4.406719247264253,11.588201887533053
7.972466015974565,1.8162592764639591
3.7184382563554808,7.804629582032626
14.346138809026444,11.676826630803662
2.3978952727983707,11.05677797355617
12.154779351142624,21.45126705500221
-8.468403027246806,-9.84750903640732
-8.092579264469313,-10.108357355890018
-8.87386813535497,-10.264456617241347
10.616865076395351,13.26402004616779
3.8632528410587166,-6.223270856878469
11.314474526246393,16.462683483811663
-1.3862943611198906,-4.217735453199069
-3.473768074496991,-3.4731319225353197
-3.4112477175156566,-3.859192150900059
-3.709082161431456,-3.1916710051676915
-2.501036031717884,-2.531281276065703
3.4584175219920468,10.224072532823547
2.5245851336061764,8.009249436620298
15.009433026436708,12.660754748471765
9.903487552536127,16.123100741430058
13.562680696279704,12.540143282175057
19.477820131862263,13.153659291999423
-9.618523456151395,-10.66383006143851
-9.231744280639337,-11.538873313174738
-8.885663619838775,-11.42295280539345
-9.544515249548713,-12.311067581663584
-11.074670534039074,-12.141078373150926
-11.562115709161,-13.188796934173238
-11.107460356862063,-11.59086012021641
-11.33897215784679,-10.80088445118382
-9.89618097735369,-10.80088445118382
-9.193483254910744,-11.214629282288453
11.440354772135391,20.680345513968355
-3.341043458842408,-3.6936760228212
-3.0139932326886,-3.6700743517708356
-2.735292937496084,-3.5375004231492477
2.610635243704203,1.1238694557876021
-3.7268546274845713,-3.118324694801244
-3.833905226164194,-3.1922348997408823
-1.163694957827366,-3.0907459861967554
-3.63108235538772,-3.1391743372282317
-4.492528549832135,-3.245292172183187
0.6339278208999741,5.011312722709988
6.063785208687608,9.195034413398403
-1.6607312068216509,5.646709276030246
-7.7973229407156195,-10.758050653089013
-7.264430222920869,-10.662281374756972
-7.66277786326017,-10.722723154481967
-0.570929547835696,-4.755177327951406
-10.978077195905486,-11.871363227756682
-12.832897183159046,-12.045372221754686
-12.853609314838067,-11.863404173588098
-12.733705387612543,-11.797194619795249
-11.291268732709584,-12.234062468768958
-13.027053197600004,-13.152718811410915
-12.814878677656369,-12.821766488181852
-12.375148975574108,-11.541351420806365
-13.0454023362682,-12.060433729059834
-12.356034579550792,-13.188590331777029
-12.834681304952548,-11.717713106711463
-0.1547063897609811,3.362491600397636
-0.8295398054655003,-1.626935862829787
-5.574972737840827,-10.105997708559235
-0.6733445532637656,-2.3088083065839204
-0.7985076962177716,-3.2132430200406112
-1.40649706843741,-1.4033276926384284
1.757857917552374,1.3874886762793985
-5.17668987842635,-3.1493547212395625
7.24422751560335,9.452606344905478
4.094122315304862,0.35062602036271645
19.162618088681743,11.478715094272596
-0.8514918279724518,-2.922414640958015
-0.5191938734365074,-2.7965538661290448
-1.6459798637345782,-1.0449816248458474
-3.0057826094074924,-0.9894089853338802
4.021415382199343,1.7605424267963314
4.110873864173311,4.865035257679978
1.6150222907280012,6.351869057637387
-0.5978370007556204,6.353740511257171
5.298317366548036,12.927387684158104
7.7406644019172415,11.038272084570837
-0.7133498878774648,7.300664222878408
0.6249397148468293,9.041348768643823
10.714417768752456,15.71773313315196
25.79843965218024,20.570285746906087
-12.064139149641507,0.8170489230394689
-11.060349606654292,-0.45574111782787263
6.949089142475114,1.3287520038399514
-8.211566834966494,-4.530348023820222
2.995732273553991,2.218779330156655
6.339477080468061,1.4623815104572315
-1.8805906829346708,-2.144226465311758
5.61827905104226,4.101962007294951
5.135798437050262,8.291697849467724
-3.204531941993481,-1.9467533660327665
6.897704943128636,8.925639704414635
-4.537511537514277,-6.359238477624624
8.94900158153043,9.375614689552467
8.967567163405613,8.797779941832687
0.3564149101328725,0.6486994527009905
15.123843377614453,11.82265281239254
13.122473371354772,1.333442297260806
2.772588722239781,4.973020853576038
6.497182147105238,1.6035177822256166
4.815431111471288,4.605905525966929
21.603929391177417,12.449398937946313
20.821882589463385,12.43224697082368
14.933925473928564,12.467757045048732
-3.2570970376883985,-7.063620166631598
-1.3093333199837622,-0.47665231524817
3.80666248977032,4.211553179686376
2.9356283494842854,-2.029596733435391
1.6164135261705257,-0.2078684029292237
12.611537753638338,21.334851396768123
-5.4460442785775,-9.27679756958064
-2.302585092994045,6.661723583064145
0.7884573603642703,7.3373794994767145
-0.9710989683691502,-1.060115511338142
2.6390573296152584,6.688093928094353
-1.5324768712979722,6.041544159836859
0.7419373447293773,1.1395967257316393
4.689051669968793,10.05144502876062
7.170119543449628,5.859784983881501
15.761420707019589,17.19664700726252
0.2188068888445342,-2.515439139529697
-0.0698861274641664,-2.5846341771779775
0.6763400622435639,-2.049779240923585
-0.7706174422359392,0.4400436186772633
5.825578611062303,0.01882021189371947
5.229899329811928,0.19712161393822142
4.57432430581699,0.08357022897575181
-1.8971199848858813,-2.659411809643782
6.618738983517219,0.834667505138737
7.495541943884256,7.931283374135582
7.824046010856292,7.749025052095387
8.411832675758411,7.1853681537148795
2.0483377966285023,7.069247241743084
9.489967361911065,8.449819807230003
-5.654992310486798,-7.4436888416874005
-4.559559674736046,-6.749298631883309
5.521460917862246,13.91917678938089
3.8480176754522337,14.033486809920284
3.210843653170937,-1.505156074635615
3.737669618283368,7.25940552397055
7.696212639346407,-0.3734339466914707
7.346010209913293,0.25103061756098427
4.22683374526818,9.40355269620599
16.523560759066484,10.748941338976165
-0.916290731874155,-2.584938214956335
-1.1792801917355644,-2.450502709379387
-1.4024237430497744,-2.53826376919437
-1.4095542148852716,4.503050685644644
-3.050540510048987,0.8667398696838794
-4.366759162543101,-8.611968163201148
-5.553209616176827,-8.930849700127553
-5.629349879873456,-8.04002791117371
-5.659765589239436,-9.013373045512425
7.90100705199242,14.549290289683855
9.407829648451068,9.625718270732174
6.1194729033071535,13.35464238379381
19.755681810684703,10.800370509971879
0.5877866649021191,13.076861464406344
-0.2200234239779659,-3.052582277303975
0.7731898882334817,-3.277971226504963
0.4198062253788221,-2.898501166635034
-1.2873544132649877,-2.2695527428157325
1.8344996229042136,1.2976283203261152
5.931360623038277,0.38842990711534925
0.9439058989071284,-1.7875889188748662
-0.3930425881096072,0.13094212051275975
-0.2953302932900377,-2.2637512224738536
7.649692623711514,7.030454300135089
9.392661928770137,6.422705156613666
8.748304912379623,7.247875974856819
11.608235644774552,16.55945870801834
-6.064035239942817,-7.590349451585953
7.666768224501768,13.894403494982608
8.557759153162898,14.62094066790354
-4.074541934925921,4.798492292139411
3.1769926614467283,8.99599329661401
9.4929596500855,8.084206419595532
5.247024072160486,13.050717313771262
7.649692623711514,-0.3925102225419355
5.828945617610208,5.889315574376182
6.429719478039138,8.380178245740806
9.392661928770137,6.613716165426044
-6.752226239184814,-8.563208338138452
-9.484777217677944,-11.205358333428054
-5.809142990314028,-9.107289415882777
-6.415501040801643,-8.8657849567821
-6.428420322307518,-8.859887196859223
-6.423706016250561,-8.79169808275502
-6.529074254780819,-8.843826621861915
-6.687950628933469,-8.793268248745102
-6.222245887870336,-8.93478452400173
-6.745801025012619,-7.9269286810395485
4.59511985013459,5.132265403440346
8.085589425698378,8.825236304317784
13.337474757021274,13.943595717430068
5.087056065856374,14.73568960241628
2.4702159343779964,-2.1230942068950247
3.008977500304012,-1.8332361339788528
2.267697833993605,-1.7287597312353653
1.4112918052931744,-2.429204219862757
2.4849066497880004,-2.377749606815544
1.4295748694783528,-2.413249560163056
3.881048201128716,-0.1864763103877548
4.463462602079392,-0.5804982562844544
6.725890760587363,2.2250828752476965
10.829490963264076,12.864526141633638
18.941892342278884,18.477533805980404
0.5794184152316023,-2.2358624431804164
0.8355144218468673,-1.8183295437407754
-2.0996442489973552,-2.877995546364853
14.22097566607244,24.235577285362247
10.291014959957623,11.576154915074875
0.0059056044628284,-3.3047925957267674
7.452015678834365,17.96372997515222
14.7716066813417,10.095099686603554
-0.2761927724040251,-7.572058338469976
-8.191974515435971,-10.313335261591018
10.915088464214609,16.23990378574891
8.109525659752872,11.834032718333567
5.974657428791601,10.066397201713556
10.829728615263452,16.904125712553192
13.235692062711331,11.83613029331903
4.166665223801727,15.920314149361337
-2.302585092994045,-1.7277881264119523
9.071078304642676,13.895448832109214
16.223833605377173,12.425873909445754
1.912712079645717,2.4737082586629224
-8.916867406849024,-12.396566297241773
-11.042921835724492,-11.740135752440349
7.718685495198466,13.773911196383086
10.915088464214609,20.968532415735172
21.917188305418847,10.55147473985522
-3.445644359555444,-3.428003408193026
-3.0722084322646053,-3.6698364837332274
-3.2211511387053364,-3.4633683930157257
-2.94006107618353,-3.836902931127812
2.668490036402377,0.9104541447467592
-3.2336269468142103,-0.7948933540405603
-3.62078955428578,-3.2945759855781698
-4.62537289330561,-3.1908158010876004
-0.3265961659510066,1.1973211251832823
-10.741927325977729,-11.741617336962486
-13.00014574468008,-11.82678941883612
-13.0454023362682,-11.659717214855611
-13.054704728930512,-11.594413454669635
-13.320814316128168,-11.833612809310454
-12.891251656440945,-11.898954517310665
-13.17365667179188,-12.272511083321398
-13.261625444737836,-12.23238513203265
-13.450867444376364,-12.342553955955989
-13.17365667179188,-10.925998378208245
-13.036185681163277,-11.324530731546883
-13.296716764549108,-11.931510325346105
-12.857044901039409,-12.67981530907455
-13.537878821365997,-11.241241013508615
7.249570360013846,15.793019952410736
11.918390573078392,11.09204169372101
-0.8645287973155655,-1.4985125983071514
-1.9495835544216225,-2.5204564957404396
-1.7007007382810886,-2.3413934369589477
-1.3599770528025177,-2.4962807480023024
-2.0402208285265546,-1.1636666827757736
-3.343872315042886,-9.090833396134494
-0.9852836033611068,3.8943848497190303
2.70805020110221,9.613789849505917
3.09874002362822,9.834961774055833
4.0314757574431095,7.89414144472138
2.336986519711378,-4.146255754443528
9.4550953712001,9.513948121905356
10.086704541644217,17.733278395092558
16.99356438831222,21.22524348451891
7.90100705199242,10.4419338384218
14.22097566607244,2.5927920450372355
4.425145988242821,-2.7399168383192385
1.3153352721793967,-3.665519275719249
2.835600199132289,-3.6979888184964604
12.890851576419603,4.191477073190569
3.713572066704308,1.8322314116358844
-5.083205986931091,-6.159315392553684
1.4291143583028187,3.7791675240429634
10.596634733096073,7.927545701319624
17.216707939626428,8.727234081866511
1.029619417181158,-1.793398588869588
6.144114100808973,0.9170327197173543
6.369900982828227,0.013049031810823878
26.35805544011566,1.8439886092089175
10.554162071418515,10.284102835313488
13.399995114002609,7.515525430310237
7.815864267856496,2.0062963927847832
9.358225751449009,9.30422170350553
13.815510557964274,18.547794471986975
1.547562508716013,-2.9302703575948406
13.235692062711331,15.243098916966181
18.951308995014536,11.071905552152622
12.388394202324127,15.780771469615502
-3.72347089888356,4.636494099538216
-4.68674183968191,-5.473844201761556
-10.619107588948133,-10.087930068794602
-10.128102774461794,-9.81401692197366
-2.733104307595059,-4.731817515614024
-8.866377463626147,-9.746314425587515
-4.403800434223445,0.6681917789529395
-7.741653125837964,-9.98208556874102
-10.678247720633008,-10.102053292724591
-4.422848629194137,-2.8755504411720696
-12.485751275586262,-9.00364817408771
-3.8052810913993738,-8.955957963668247
-4.673143169574302,-9.203343103213854
-2.425279316542389,-8.595389731059326
-6.519097289190354,-7.385345828377394
-4.803316293129018,-6.695244493435456
-3.421910423259697,-6.867969882980948
10.51867319162636,0.08401792896243729
2.881421567761131,-2.580386522466554
4.494387589976452,2.5675083878587737
-6.308501282639179,-7.909741561001727
-6.908867007834917,-7.555977353360254
-7.424569386210976,-6.605026269443675
-5.97331447131369,-9.303060216904177
8.471498232154108,3.871669678131247
-1.3100743352084816,0.33346280699806596
15.656377601299358,7.8420004045220315
11.001544131270515,0.1729881865402307
23.814308290304727,8.9681192418653
0.7795975894255635,0.04554335465332658
13.251811444591215,7.617600421766646
-4.289838205583746,-7.69566281553034
0.371563556432483,-0.87061707251459
9.615805480084347,4.565704825832904
1.1939224684724346,3.1097162485061043
-4.640797363631253,-8.67993084252535
-3.9125469521880905,-6.929806770025427
-5.284132731556094,-9.045608127546254
-6.821577582741084,-9.38970904210367
-5.862700053671159,-9.46679372424962
-7.937774776184635,-7.969657102361632
-8.672498383590725,-8.43199441049093
-5.825678958954127,-4.980242983020654
-0.4158943035987035,-3.7761590729816437
-5.496768305271875,17.45015294068909
-10.564167542958572,-4.819470045444337
-0.2227811170014607,-0.757082833186014
-0.2593238056362515,-5.679480117869599
-5.930055918979351,-9.813875476044176
-0.6348782724359695,-1.2713479171292208
7.24422751560335,0.9484282021985152
